{"roof": {"class_counts": [["Composition", 75], ["Flat", 2], ["Closing", 2], ["Built-Up, Composition", 1], ["Y", 1]], "avg_precision": 0.18518518518518517, "avg_recall": 0.2, "avg_f1": 0.1923076923076923, "avg_accuracy": 0.9259259259259259, "weighted_precision": 0.8573388203017832, "weighted_recall": 0.9259259259259259, "weighted_f1": 0.8903133903133903, "weighted_accuracy": 0.9259259259259259, "class_precision": [0.9259259259259259, 0.0, 0.0, 0.0, 0.0], "class_recall": [1.0, 0.0, 0.0, 0.0, 0.0], "class_f1": [0.9615384615384615, 0.0, 0.0, 0.0, 0.0], "class_accuracy": 0.9259259259259259, "num_classes": 5, "num_applicable_rows": 81, "confusion_matrix": [["Composition", [["Composition", 75]]], ["Flat", [["Composition", 2]]], ["Closing", [["Composition", 2]]], ["Built-Up, Composition", [["Composition", 1]]], ["Y", [["Composition", 1]]]], "precision_recall_curves": {"Composition": {"precision": [0.9259259259259259, 0.925, 0.9240506329113924, 0.9230769230769231, 0.922077922077922, 0.9342105263157895, 0.9466666666666667, 0.9459459459459459, 0.9452054794520548, 0.9444444444444444, 0.9436619718309859, 0.9428571428571428, 0.9420289855072463, 0.9411764705882353, 0.9402985074626866, 0.9393939393939394, 0.9384615384615385, 0.9375, 0.9365079365079365, 0.9516129032258065, 0.9508196721311475, 0.9666666666666667, 0.9661016949152542, 0.9655172413793104, 0.9649122807017544, 0.9642857142857143, 0.9636363636363636, 0.9629629629629629, 0.9622641509433962, 0.9615384615384616, 0.9607843137254902, 0.96, 0.9591836734693877, 0.9583333333333334, 0.9574468085106383, 0.9565217391304348, 0.9555555555555556, 0.9545454545454546, 0.9534883720930233, 0.9523809523809523, 0.975609756097561, 0.975, 1.0, 1.0, 1.0, 1.0, 1.0, 1.0, 1.0, 1.0, 1.0, 1.0, 1.0, 1.0, 1.0, 1.0, 1.0, 1.0, 1.0, 1.0, 1.0, 1.0, 1.0, 1.0, 1.0, 1.0, 1.0, 1.0, 1.0, 1.0, 1.0, 1.0, 1.0, 1.0, 1.0, 1.0, 1.0, 1.0, 1.0, 1.0, 1.0, 1.0], "recall": [1.0, 0.9866666666666667, 0.9733333333333334, 0.96, 0.9466666666666667, 0.9466666666666667, 0.9466666666666667, 0.9333333333333333, 0.92, 0.9066666666666666, 0.8933333333333333, 0.88, 0.8666666666666667, 0.8533333333333334, 0.84, 0.8266666666666667, 0.8133333333333334, 0.8, 0.7866666666666666, 0.7866666666666666, 0.7733333333333333, 0.7733333333333333, 0.76, 0.7466666666666667, 0.7333333333333333, 0.72, 0.7066666666666667, 0.6933333333333334, 0.68, 0.6666666666666666, 0.6533333333333333, 0.64, 0.6266666666666667, 0.6133333333333333, 0.6, 0.5866666666666667, 0.5733333333333334, 0.56, 0.5466666666666666, 0.5333333333333333, 0.5333333333333333, 0.52, 0.52, 0.5066666666666667, 0.49333333333333335, 0.48, 0.4666666666666667, 0.4533333333333333, 0.44, 0.4266666666666667, 0.41333333333333333, 0.4, 0.38666666666666666, 0.37333333333333335, 0.36, 0.3466666666666667, 0.3333333333333333, 0.32, 0.30666666666666664, 0.29333333333333333, 0.28, 0.26666666666666666, 0.25333333333333335, 0.24, 0.22666666666666666, 0.21333333333333335, 0.2, 0.18666666666666668, 0.17333333333333334, 0.16, 0.14666666666666667, 0.13333333333333333, 0.12, 0.10666666666666667, 0.09333333333333334, 0.08, 0.06666666666666667, 0.05333333333333334, 0.04, 0.02666666666666667, 0.013333333333333334, 0.0], "thresholds": [0.7176336050033569, 0.7500003576278687, 0.7690717577934265, 0.7720109224319458, 0.774871289730072, 0.7821712493896484, 0.7873582243919373, 0.8209656476974487, 0.8212394714355469, 0.8281932473182678, 0.8428731560707092, 0.8588423728942871, 0.878278911113739, 0.8860926628112793, 0.8894848227500916, 0.8900108933448792, 0.8940791487693787, 0.8942317366600037, 0.8953075408935547, 0.8991906642913818, 0.901812732219696, 0.903378963470459, 0.904303252696991, 0.9102090001106262, 0.9117106795310974, 0.9157485961914062, 0.9236523509025574, 0.9277640581130981, 0.9292832016944885, 0.9315676093101501, 0.9340835213661194, 0.9347864389419556, 0.9378035664558411, 0.939235508441925, 0.9394286274909973, 0.9397696852684021, 0.9416537880897522, 0.9426947832107544, 0.9442802667617798, 0.9464421272277832, 0.9506937861442566, 0.9531356692314148, 0.953834593296051, 0.9540013074874878, 0.9553996920585632, 0.9559217095375061, 0.9560228586196899, 0.9610337615013123, 0.9611126184463501, 0.9616543650627136, 0.9663233757019043, 0.9667338728904724, 0.9682368040084839, 0.9727150201797485, 0.9727427959442139, 0.9743043184280396, 0.976475179195404, 0.976896345615387, 0.9785212278366089, 0.9794760346412659, 0.9797009229660034, 0.9818890690803528, 0.9819113612174988, 0.9819721579551697, 0.9847870469093323, 0.9848159551620483, 0.984933078289032, 0.9863153100013733, 0.986509382724762, 0.9865856170654297, 0.9870904088020325, 0.9873425960540771, 0.9876610040664673, 0.9878941178321838, 0.9938901662826538, 0.9940013289451599, 0.996677041053772, 0.9973190426826477, 0.9974591135978699, 0.997803270816803, 0.999459445476532]}, "Closing": {"precision": [0.4, 0.25, 0.3333333333333333, 0.5, 0.0, 1.0], "recall": [1.0, 0.5, 0.5, 0.5, 0.0, 0.0], "thresholds": [0.01890365034341812, 0.019704123958945274, 0.02366046980023384, 0.03500137850642204, 0.04595031961798668]}, "Flat": {"precision": [0.041666666666666664, 0.02127659574468085, 0.021739130434782608, 0.022222222222222223, 0.022727272727272728, 0.023255813953488372, 0.023809523809523808, 0.024390243902439025, 0.025, 0.02564102564102564, 0.02631578947368421, 0.02702702702702703, 0.027777777777777776, 0.02857142857142857, 0.029411764705882353, 0.030303030303030304, 0.03125, 0.03225806451612903, 0.03333333333333333, 0.034482758620689655, 0.03571428571428571, 0.037037037037037035, 0.038461538461538464, 0.04, 0.041666666666666664, 0.043478260869565216, 0.045454545454545456, 0.047619047619047616, 0.05, 0.05263157894736842, 0.05555555555555555, 0.058823529411764705, 0.0625, 0.06666666666666667, 0.07142857142857142, 0.07692307692307693, 0.08333333333333333, 0.09090909090909091, 0.1, 0.1111111111111111, 0.0, 0.0, 0.0, 0.0, 0.0, 0.0, 0.0, 0.0, 1.0], "recall": [1.0, 0.5, 0.5, 0.5, 0.5, 0.5, 0.5, 0.5, 0.5, 0.5, 0.5, 0.5, 0.5, 0.5, 0.5, 0.5, 0.5, 0.5, 0.5, 0.5, 0.5, 0.5, 0.5, 0.5, 0.5, 0.5, 0.5, 0.5, 0.5, 0.5, 0.5, 0.5, 0.5, 0.5, 0.5, 0.5, 0.5, 0.5, 0.5, 0.5, 0.0, 0.0, 0.0, 0.0, 0.0, 0.0, 0.0, 0.0, 0.0], "thresholds": [0.00041054715984500945, 0.0004528581630438566, 0.0004905143869109452, 0.0005012759356759489, 0.0005106681492179632, 0.0005120885907672346, 0.000522491754963994, 0.0005600647418759763, 0.0005856089410372078, 0.0006090779788792133, 0.000663920131046325, 0.0006743954727426171, 0.0007400007452815771, 0.000746577512472868, 0.0007545500993728638, 0.0007630714680999517, 0.0008439684752374887, 0.0011198235442861915, 0.0014309018151834607, 0.0015271283918991685, 0.0019675653893500566, 0.003070226637646556, 0.0031064683571457863, 0.0032262031454592943, 0.0033138287253677845, 0.004199699033051729, 0.00467516016215086, 0.004751633852720261, 0.004865532740950584, 0.005170599091798067, 0.005238774698227644, 0.00594056723639369, 0.0063538700342178345, 0.006944670807570219, 0.007171269506216049, 0.007391420193016529, 0.007867998443543911, 0.009036792442202568, 0.009164676070213318, 0.010718721896409988, 0.014521625824272633, 0.014577723108232021, 0.016944292932748795, 0.017853543162345886, 0.018207214772701263, 0.03217680752277374, 0.078424371778965, 0.09098818898200989]}, "Y": {"precision": [0.5, 0.0, 1.0], "recall": [1.0, 0.0, 0.0], "thresholds": [0.04224417358636856, 0.04585807025432587]}, "Built-Up, Composition": {"precision": [0.017857142857142856, 0.0, 0.0, 0.0, 0.0, 0.0, 0.0, 0.0, 0.0, 0.0, 0.0, 0.0, 0.0, 0.0, 0.0, 0.0, 0.0, 0.0, 0.0, 0.0, 0.0, 0.0, 0.0, 0.0, 0.0, 0.0, 0.0, 0.0, 0.0, 0.0, 0.0, 0.0, 0.0, 0.0, 0.0, 0.0, 0.0, 0.0, 0.0, 0.0, 0.0, 0.0, 0.0, 0.0, 0.0, 0.0, 0.0, 0.0, 0.0, 0.0, 0.0, 0.0, 0.0, 0.0, 0.0, 0.0, 1.0], "recall": [1.0, 0.0, 0.0, 0.0, 0.0, 0.0, 0.0, 0.0, 0.0, 0.0, 0.0, 0.0, 0.0, 0.0, 0.0, 0.0, 0.0, 0.0, 0.0, 0.0, 0.0, 0.0, 0.0, 0.0, 0.0, 0.0, 0.0, 0.0, 0.0, 0.0, 0.0, 0.0, 0.0, 0.0, 0.0, 0.0, 0.0, 0.0, 0.0, 0.0, 0.0, 0.0, 0.0, 0.0, 0.0, 0.0, 0.0, 0.0, 0.0, 0.0, 0.0, 0.0, 0.0, 0.0, 0.0, 0.0, 0.0],