{"community_name": {"class_counts": [["Bothell", 7], ["Lynnwood", 4], ["Lake Stevens", 4], ["North Creek", 3], ["Alderwood Manor", 3], ["Silver Lake", 3], ["Mill Creek", 3], ["Monroe", 3], ["Edmonds", 3], ["Marysville", 3], ["Snohomish", 2], ["Granite Falls", 2], ["North Marysville", 2], ["Stanwood", 2], ["Central Marysville", 2], ["Arlington", 2], ["Everett", 2], ["Cedarcrest", 1], ["Edmonds Bowl", 1], ["Martha Lake", 1], ["Sultan", 1], ["Eastmont", 1], ["Closing", 1], ["Forest Park", 1], ["Lake Serene", 1], ["Lake Ballinger", 1], ["Alderwood", 1], ["Lake Stickney", 1], ["Fryelands", 1], ["Canyon Park", 1], ["Gold Bar", 1], ["Pinehurst", 1], ["South Lk Stevens", 1], ["Thrashers Corner", 1], ["North Everett", 1], ["Cavalero", 1], ["Mukilteo Blvd", 1], ["Sunnyside", 1], ["Y", 1], ["Brier", 1]], "avg_precision": 0.2423611111111111, "avg_recall": 0.28918650793650796, "avg_f1": 0.25049894957983193, "avg_accuracy": 0.4657534246575342, "weighted_precision": 0.37260273972602737, "weighted_recall": 0.4657534246575342, "weighted_f1": 0.3900329995011704, "weighted_accuracy": 0.4657534246575342, "class_precision": [0.5, 0.5, 0.6666666666666666, 0.0, 0.0, 1.0, 1.0, 0.6666666666666666, 0.6, 0.3333333333333333, 0.0, 0.0, 0.0, 1.0, 0.0, 0.6666666666666666, 0.2, 0.0, 0.0, 1.0, 0.5, 0.0, 0.0, 0.0, 0.0, 0.0, 0.0, 1.0, 0.0, 0.0, 0.0, 0.0, 0.0, 0.0, 0.0, 0.0, 1.0, 0.0, 1.0, 0.0], "class_recall": [0.7142857142857143, 1.0, 1.0, 0.0, 0.0, 0.3333333333333333, 0.6666666666666666, 0.6666666666666666, 1.0, 1.0, 0.0, 0.0, 0.0, 1.0, 0.0, 1.0, 0.5, 0.0, 0.0, 1.0, 1.0, 0.0, 0.0, 0.0, 0.0, 0.0, 0.0, 1.0, 0.0, 0.0, 0.0, 0.0, 0.0, 0.0, 0.0, 0.0, 1.0, 0.0, 1.0, 0.0], "class_f1": [0.588235294117647, 0.6666666666666666, 0.8, 0.0, 0.0, 0.5, 0.8, 0.6666666666666666, 0.7499999999999999, 0.5, 0.0, 0.0, 0.0, 1.0, 0.0, 0.8, 0.28571428571428575, 0.0, 0.0, 1.0, 0.6666666666666666, 0.0, 0.0, 0.0, 0.0, 0.0, 0.0, 1.0, 0.0, 0.0, 0.0, 0.0, 0.0, 0.0, 0.0, 0.0, 1.0, 0.0, 1.0, 0.0], "class_accuracy": 0.4657534246575342, "num_classes": 40, "num_applicable_rows": 73, "confusion_matrix": [["Bothell", [["Bothell", 5], ["North Bothell", 2]]], ["Lynnwood", [["Lynnwood", 4]]], ["Lake Stevens", [["Lake Stevens", 4]]], ["North Creek", [["Bothell", 2], ["Alderwood", 1]]], ["Alderwood Manor", [["Lynnwood", 2], ["Alderwood", 1]]], ["Silver Lake", [["Everett", 1], ["Casino", 1], ["Silver Lake", 1]]], ["Mill Creek", [["Mill Creek", 2], ["Fobes Hill", 1]]], ["Monroe", [["Monroe", 2], ["Maltby", 1]]], ["Edmonds", [["Edmonds", 3]]], ["Marysville", [["Marysville", 3]]], ["Snohomish", [["South Lk Stevens", 1], ["Cathcart", 1]]], ["Granite Falls", [["Arlington", 1], ["Jordan Road", 1]]], ["North Marysville", [["Marysville", 2]]], ["Stanwood", [["Stanwood", 2]]], ["Central Marysville", [["Marysville", 2]]], ["Arlington", [["Arlington", 2]]], ["Everett", [["Everett", 1], ["Everett Mall", 1]]], ["Cedarcrest", [["Marysville", 1]]], ["Edmonds Bowl", [["Edmonds", 1]]], ["Martha Lake", [["Martha Lake", 1]]], ["Sultan", [["Sultan", 1]]], ["Eastmont", [["Pinehurst", 1]]], ["Closing", [["Everett", 1]]], ["Forest Park", [["Lowell", 1]]], ["Lake Serene", [["Lynnwood", 1]]], ["Lake Ballinger", [["Edmonds", 1]]], ["Alderwood", [["Bothell", 1]]], ["Lake Stickney", [["Lake Stickney", 1]]], ["Fryelands", [["Monroe", 1]]], ["Canyon Park", [["Lynnwood", 1]]], ["Gold Bar", [["Sultan", 1]]], ["Pinehurst", [["Everett", 1]]], ["South Lk Stevens", [["Lake Stevens", 1]]], ["Thrashers Corner", [["Bothell", 1]]], ["North Everett", [["Everett", 1]]], ["Cavalero", [["Lake Stevens", 1]]], ["Mukilteo Blvd", [["Mukilteo Blvd", 1]]], ["Sunnyside", [["Marysville", 1]]], ["Y", [["Y", 1]]], ["Brier", [["Bothell", 1]]]], "precision_recall_curves": {"Lake Stevens": {"precision": [0.6666666666666666, 0.6, 0.5, 0.3333333333333333, 0.5, 1.0, 1.0], "recall": [1.0, 0.75, 0.5, 0.25, 0.25, 0.25, 0.0], "thresholds": [0.35941269993782043, 0.3909342885017395, 0.4384918510913849, 0.5963832139968872, 0.6313729286193848, 0.6624392867088318]}, "Bothell": {"precision": [0.5833333333333334, 0.5454545454545454, 0.5, 0.5555555555555556, 0.625, 0.7142857142857143, 0.8333333333333334, 0.8, 1.0, 1.0, 1.0, 1.0, 1.0], "recall": [1.0, 0.8571428571428571, 0.7142857142857143, 0.7142857142857143, 0.7142857142857143, 0.7142857142857143, 0.7142857142857143, 0.5714285714285714, 0.5714285714285714, 0.42857142857142855, 0.2857142857142857, 0.14285714285714285, 0.0], "thresholds": [0.1907588243484497, 0.24138277769088745, 0.3543648421764374, 0.49165189266204834, 0.6113857626914978, 0.7089110016822815, 0.7185945510864258, 0.7390297055244446, 0.785069465637207, 0.9322778582572937, 0.9410364627838135, 0.948883056640625]}, "Marysville": {"precision": [0.3333333333333333, 0.25, 0.2857142857142857, 0.3333333333333333, 0.4, 0.25, 0.3333333333333333, 0.0, 0.0, 1.0], "recall": [1.0, 0.6666666666666666, 0.6666666666666666, 0.6666666666666666, 0.6666666666666666, 0.3333333333333333, 0.3333333333333333, 0.0, 0.0, 0.0], "thresholds": [0.3088286221027374, 0.3800901472568512, 0.38323482871055603, 0.4628956615924835, 0.495572030544281, 0.5068216323852539, 0.5075235366821289, 0.6573215126991272, 0.689255952835083]}, "Everett": {"precision": [0.2857142857142857, 0.16666666666666666, 0.2, 0.0, 0.0, 0.0, 0.0, 1.0], "recall": [1.0, 0.5, 0.5, 0.0, 0.0, 0.0, 0.0, 0.0], "thresholds": [0.14001500606536865, 0.19278444349765778, 0.5534747242927551, 0.5640314817428589, 0.6619263291358948, 0.7669069766998291, 0.9956466555595398]}, "Lynnwood": {"precision": [0.5, 0.42857142857142855, 0.5, 0.6, 0.5, 0.3333333333333333, 0.0, 0.0, 1.0], "recall": [1.0, 0.75, 0.75, 0.75, 0.5, 0.25, 0.0, 0.0, 0.0], "thresholds": [0.2622119188308716, 0.2961469292640686, 0.3284846544265747, 0.3333228826522827, 0.428825706243515, 0.47377124428749084, 0.6859880089759827, 0.8097190856933594]}, "Arlington": {"precision": [0.6666666666666666, 0.5, 1.0, 1.0], "recall": [1.0, 0.5, 0.5, 0.0], "thresholds": [0.4911186993122101, 0.6812936067581177, 0.7574582695960999]}, "Mill Creek": {"precision": [0.0967741935483871, 0.06666666666666667, 0.06896551724137931, 0.07142857142857142, 0.07407407407407407, 0.07692307692307693, 0.08, 0.08333333333333333, 0.08695652173913043, 0.09090909090909091, 0.09523809523809523, 0.1, 0.10526315789473684, 0.1111111111111111, 0.11764705882352941, 0.125, 0.13333333333333333, 0.14285714285714285, 0.15384615384615385, 0.16666666666666666, 0.18181818181818182, 0.2, 0.2222222222222222, 0.25, 0.2857142857142857, 0.3333333333333333, 0.4, 0.5, 0.6666666666666666, 1.0, 1.0, 1.0], "recall": [1.0, 0.6666666666666666, 0.6666666666666666, 0.6666666666666666, 0.6666666666666666, 0.6666666666666666, 0.6666666666666666, 0.6666666666666666, 0.6666666666666666, 0.6666666666666666, 0.6666666666666666, 0.6666666666666666, 0.6666666666666666, 0.6666666666666666, 0.6666666666666666, 0.6666666666666666, 0.6666666666666666, 0.6666666666666666, 0.6666666666666666, 0.6666666666666666, 0.6666666666666666, 0.6666666666666666, 0.6666666666666666, 0.6666666666666666, 0.6666666666666666, 0.6666666666666666, 0.6666666666666666, 0.6666666666666666, 0.6666666666666666, 0.6666666666666666, 0.3333333333333333, 0.0], "thresholds": [0.0014910915633663535, 0.0015587708912789822, 0.0016679494874551892, 0.001766651519574225, 0.0019065256929025054, 0.0031902510672807693, 0.004268776159733534, 0.004665895365178585, 0.006533149629831314, 0.0066000293008983135, 0.007113536354154348, 0.007840080186724663, 0.009005087427794933, 0.009100244380533695, 0.009456103667616844, 0.009512816555798054, 0.009647647850215435, 0.012044928967952728, 0.01549369003623724, 0.016578709706664085, 0.026613593101501465, 0.050257544964551926, 0.06783188134431839, 0.0709879919886589, 0.07469113171100616, 0.09433599561452866, 0.12096801400184631, 0.12709085643291473, 0.2331775277853012, 0.41919630765914917, 0.5528597235679626]}, "Edmonds": {"precision": [0.5, 0.4, 0.5, 0.6666666666666666, 1.0, 1.0, 1.0],