{"county": {"class_counts": [["King", 169]], "avg_precision": 1.0, "avg_recall": 1.0, "avg_f1": 1.0, "avg_accuracy": 1.0, "weighted_precision": 1.0, "weighted_recall": 1.0, "weighted_f1": 1.0, "weighted_accuracy": 1.0, "class_precision": [1.0], "class_recall": [1.0], "class_f1": [1.0], "class_accuracy": 1.0, "num_classes": 1, "num_applicable_rows": 169, "confusion_matrix": [["King", [["King", 169]]]], "precision_recall_curves": {"King": {"precision": [1.0, 1.0, 1.0, 1.0, 1.0, 1.0, 1.0, 1.0, 1.0, 1.0, 1.0, 1.0, 1.0, 1.0, 1.0, 1.0, 1.0, 1.0, 1.0, 1.0, 1.0, 1.0, 1.0, 1.0, 1.0, 1.0, 1.0, 1.0, 1.0, 1.0, 1.0, 1.0, 1.0, 1.0, 1.0, 1.0, 1.0, 1.0, 1.0, 1.0, 1.0, 1.0, 1.0, 1.0, 1.0, 1.0, 1.0, 1.0, 1.0, 1.0, 1.0, 1.0, 1.0, 1.0, 1.0, 1.0, 1.0, 1.0, 1.0, 1.0, 1.0, 1.0, 1.0, 1.0, 1.0, 1.0, 1.0, 1.0, 1.0, 1.0, 1.0, 1.0, 1.0, 1.0, 1.0, 1.0, 1.0, 1.0, 1.0, 1.0, 1.0, 1.0, 1.0, 1.0, 1.0, 1.0, 1.0, 1.0, 1.0, 1.0, 1.0, 1.0, 1.0, 1.0, 1.0, 1.0, 1.0, 1.0, 1.0, 1.0, 1.0, 1.0, 1.0, 1.0, 1.0, 1.0, 1.0, 1.0, 1.0, 1.0, 1.0, 1.0, 1.0, 1.0, 1.0, 1.0, 1.0, 1.0, 1.0, 1.0, 1.0, 1.0, 1.0, 1.0, 1.0, 1.0, 1.0, 1.0, 1.0, 1.0, 1.0, 1.0, 1.0, 1.0, 1.0, 1.0, 1.0, 1.0, 1.0, 1.0, 1.0, 1.0, 1.0, 1.0, 1.0, 1.0, 1.0, 1.0, 1.0, 1.0, 1.0, 1.0, 1.0, 1.0, 1.0, 1.0, 1.0, 1.0, 1.0], "recall": [1.0, 0.9940828402366864, 0.9881656804733728, 0.9822485207100592, 0.9763313609467456, 0.9704142011834319, 0.9644970414201184, 0.9585798816568047, 0.9526627218934911, 0.9467455621301775, 0.9408284023668639, 0.9349112426035503, 0.9289940828402367, 0.9230769230769231, 0.9171597633136095, 0.9112426035502958, 0.9053254437869822, 0.8994082840236687, 0.893491124260355, 0.8875739644970414, 0.8816568047337278, 0.8757396449704142, 0.8698224852071006, 0.863905325443787, 0.8579881656804734, 0.8520710059171598, 0.8461538461538461, 0.8402366863905325, 0.834319526627219, 0.8284023668639053, 0.8224852071005917, 0.8165680473372781, 0.8106508875739645, 0.8047337278106509, 0.7988165680473372, 0.7928994082840237, 0.7869822485207101, 0.7810650887573964, 0.7751479289940828, 0.7692307692307693, 0.7633136094674556, 0.757396449704142, 0.7514792899408284, 0.7455621301775148, 0.7396449704142012, 0.7337278106508875, 0.727810650887574, 0.7218934911242604, 0.7159763313609467, 0.7100591715976331, 0.7041420118343196, 0.6982248520710059, 0.6923076923076923, 0.6863905325443787, 0.6804733727810651, 0.6745562130177515, 0.6686390532544378, 0.6627218934911243, 0.6568047337278107, 0.650887573964497, 0.6449704142011834, 0.6390532544378699, 0.6331360946745562, 0.6272189349112426, 0.621301775147929, 0.6153846153846154, 0.6094674556213018, 0.6035502958579881, 0.5976331360946746, 0.591715976331361, 0.5857988165680473, 0.5798816568047337, 0.5739644970414202, 0.5680473372781065, 0.5621301775147929, 0.5562130177514792, 0.5502958579881657, 0.5443786982248521, 0.5384615384615384, 0.5325443786982249, 0.5266272189349113, 0.5207100591715976, 0.514792899408284, 0.5088757396449705, 0.5029585798816568, 0.4970414201183432, 0.4911242603550296, 0.48520710059171596, 0.47928994082840237, 0.47337278106508873, 0.46745562130177515, 0.46153846153846156, 0.4556213017751479, 0.44970414201183434, 0.4437869822485207, 0.4378698224852071, 0.4319526627218935, 0.4260355029585799, 0.42011834319526625, 0.41420118343195267, 0.40828402366863903, 0.40236686390532544, 0.39644970414201186, 0.3905325443786982, 0.38461538461538464, 0.378698224852071, 0.3727810650887574, 0.3668639053254438, 0.3609467455621302, 0.35502958579881655, 0.34911242603550297, 0.3431952662721893, 0.33727810650887574, 0.33136094674556216, 0.3254437869822485, 0.31952662721893493, 0.3136094674556213, 0.3076923076923077, 0.30177514792899407, 0.2958579881656805, 0.28994082840236685, 0.28402366863905326, 0.2781065088757396, 0.27218934911242604, 0.26627218934911245, 0.2603550295857988, 0.25443786982248523, 0.2485207100591716, 0.24260355029585798, 0.23668639053254437, 0.23076923076923078, 0.22485207100591717, 0.21301775147928995, 0.20118343195266272, 0.1952662721893491, 0.1834319526627219, 0.17751479289940827, 0.15384615384615385, 0.14792899408284024, 0.14201183431952663, 0.13609467455621302, 0.1301775147928994, 0.1242603550295858, 0.11834319526627218, 0.11242603550295859, 0.10650887573964497, 0.10059171597633136, 0.08875739644970414, 0.08284023668639054, 0.07692307692307693, 0.0650887573964497, 0.05917159763313609, 0.05325443786982249, 0.047337278106508875, 0.04142011834319527, 0.03550295857988166, 0.029585798816568046, 0.023668639053254437, 0.0], "thresholds": [0.9991368651390076, 0.9992461204528809, 0.9994434714317322, 0.9994437098503113, 0.9995599389076233, 0.9996172189712524, 0.9996187686920166, 0.9996198415756226, 0.9996660947799683, 0.9996702671051025, 0.9996707439422607, 0.9996867179870605, 0.9996994733810425, 0.9997686743736267, 0.9997698664665222, 0.9997701048851013, 0.9997797608375549, 0.9997844099998474, 0.9997884631156921, 0.9997928738594055, 0.9998045563697815, 0.9998095631599426, 0.9998106360435486, 0.9998230338096619, 0.9998273253440857, 0.9998301267623901, 0.9998307228088379, 0.9998435974121094, 0.9998489618301392, 0.9998500347137451, 0.999850869178772, 0.9998610019683838, 0.9998617172241211, 0.9998679161071777, 0.9998739957809448, 0.9998751878738403, 0.9998757839202881, 0.9998763799667358, 0.9998775720596313, 0.9998866319656372, 0.9998886585235596, 0.9998940229415894, 0.9998949766159058, 0.9998968839645386, 0.9999028444290161, 0.9999033212661743, 0.9999138116836548, 0.9999146461486816, 0.9999164342880249, 0.9999167919158936, 0.9999215602874756, 0.9999217987060547, 0.9999245405197144, 0.9999252557754517, 0.9999263286590576, 0.9999295473098755, 0.9999302625656128, 0.9999312162399292, 0.9999356269836426, 0.9999388456344604, 0.9999409914016724, 0.999942421913147, 0.9999425411224365, 0.9999456405639648, 0.9999457597732544, 0.999945878982544, 0.9999459981918335, 0.9999469518661499, 0.9999475479125977, 0.9999480247497559, 0.9999489784240723, 0.9999490976333618, 0.99994957447052, 0.9999502897262573, 0.999951958656311, 0.9999525547027588, 0.9999529123306274, 0.9999535083770752, 0.999954104423523, 0.9999555349349976, 0.9999581575393677, 0.9999582767486572, 0.9999587535858154, 0.9999600648880005, 0.9999606609344482, 0.9999607801437378, 0.9999614953994751, 0.9999618530273438, 0.9999620914459229, 0.9999628067016602, 0.9999631643295288, 0.9999659061431885, 0.9999665021896362, 0.9999669790267944, 0.9999672174453735, 0.9999685287475586, 0.9999690055847168, 0.9999692440032959, 0.9999696016311646, 0.9999699592590332, 0.9999703168869019, 0.9999710321426392, 0.9999725818634033, 0.9999732971191406, 0.9999738931655884, 0.9999752044677734, 0.9999756813049316, 0.9999772310256958, 0.9999775886535645, 0.999977707862854, 0.9999797344207764, 0.9999798536300659, 0.9999802112579346, 0.9999808073043823, 0.999981164932251, 0.9999814033508301, 0.9999815225601196, 0.9999816417694092, 0.9999817609786987, 0.9999823570251465, 0.9999831914901733, 0.9999839067459106, 0.9999840259552002, 0.9999850988388062, 0.9999868869781494, 0.999987006187439, 0.9999874830245972, 0.9999880790710449, 0.9999881982803345, 0.9999884366989136, 0.9999885559082031, 0.9999891519546509, 0.9999895095825195, 0.9999898672103882, 0.9999901056289673, 0.9999902248382568, 0.9999903440475464, 0.9999909400939941, 0.9999910593032837, 0.9999914169311523, 0.9999916553497314, 0.9999933242797852, 0.9999940395355225, 0.9999949932098389, 0.9999953508377075, 0.9999954700469971, 0.9999961853027344, 0.9999967813491821, 0.999997615814209, 0.9999977350234985, 0.9999982118606567, 0.9999983310699463, 0.9999986886978149, 0.999998927116394, 0.9999991655349731, 0.9999994039535522, 0.9999998807907104, 1.0]}}}}