{"city_name": {"class_counts": [["Seattle", 57], ["Renton", 14], ["Kent", 11], ["Kirkland", 9], ["Bellevue", 9], ["Federal Way", 8], ["Maple Valley", 8], ["Auburn", 8], ["Sammamish", 7], ["Redmond", 6], ["Des Moines", 4], ["Shoreline", 4], ["Issaquah", 3], ["Enumclaw", 3], ["Kenmore", 2], ["Burien", 2], ["Woodinville", 2], ["Tukwila", 2], ["Milton", 1], ["Mercer Island", 1], ["SeaTac", 1], ["Duvall", 1], ["North Bend", 1], ["Covington", 1], ["Algona", 1], ["Carnation", 1], ["Pacific", 1], ["Bothell", 1]], "avg_precision": 0.6955595604960012, "avg_recall": 0.7068371008690557, "avg_f1": 0.6933881223856287, "avg_accuracy": 0.8875739644970414, "weighted_precision": 0.8629605401117786, "weighted_recall": 0.8875739644970414, "weighted_f1": 0.8694229855055061, "weighted_accuracy": 0.8875739644970414, "class_precision": [0.9491525423728814, 1.0, 0.875, 0.8181818181818182, 1.0, 0.7777777777777778, 0.8888888888888888, 0.6666666666666666, 0.8333333333333334, 0.8333333333333334, 0.75, 0.6666666666666666, 0.75, 1.0, 1.0, 0.6666666666666666, 1.0, 1.0, 0.0, 0.0, 1.0, 1.0, 1.0, 0.0, 0.0, 1.0, 0.0, 0.0], "class_recall": [0.9824561403508771, 1.0, 0.6363636363636364, 1.0, 1.0, 0.875, 1.0, 1.0, 0.7142857142857143, 0.8333333333333334, 0.75, 0.5, 1.0, 1.0, 1.0, 1.0, 1.0, 0.5, 0.0, 0.0, 1.0, 1.0, 1.0, 0.0, 0.0, 1.0, 0.0, 0.0], "class_f1": [0.9655172413793103, 1.0, 0.7368421052631579, 0.9, 1.0, 0.823529411764706, 0.9411764705882353, 0.8, 0.7692307692307692, 0.8333333333333334, 0.75, 0.5714285714285715, 0.8571428571428571, 1.0, 1.0, 0.8, 1.0, 0.6666666666666666, 0.0, 0.0, 1.0, 1.0, 1.0, 0.0, 0.0, 1.0, 0.0, 0.0], "class_accuracy": 0.8875739644970414, "num_classes": 28, "num_applicable_rows": 169, "confusion_matrix": [["Seattle", [["Seattle", 56], ["Shoreline", 1]]], ["Renton", [["Renton", 14]]], ["Kent", [["Kent", 7], ["Federal Way", 2], ["Maple Valley", 1], ["Auburn", 1]]], ["Kirkland", [["Kirkland", 9]]], ["Bellevue", [["Bellevue", 9]]], ["Federal Way", [["Federal Way", 7], ["Auburn", 1]]], ["Maple Valley", [["Maple Valley", 8]]], ["Auburn", [["Auburn", 8]]], ["Sammamish", [["Sammamish", 5], ["Redmond", 1], ["Issaquah", 1]]], ["Redmond", [["Redmond", 5], ["Sammamish", 1]]], ["Des Moines", [["Des Moines", 3], ["Burien", 1]]], ["Shoreline", [["Shoreline", 2], ["Seattle", 2]]], ["Issaquah", [["Issaquah", 3]]], ["Enumclaw", [["Enumclaw", 3]]], ["Kenmore", [["Kenmore", 2]]], ["Burien", [["Burien", 2]]], ["Woodinville", [["Woodinville", 2]]], ["Tukwila", [["Tukwila", 1], ["Seattle", 1]]], ["Milton", [["Des Moines", 1]]], ["Mercer Island", [["Kirkland", 1]]], ["SeaTac", [["SeaTac", 1]]], ["Duvall", [["Duvall", 1]]], ["North Bend", [["North Bend", 1]]], ["Covington", [["Kent", 1]]], ["Algona", [["Auburn", 1]]], ["Carnation", [["Carnation", 1]]], ["Pacific", [["Auburn", 1]]], ["Bothell", [["Kirkland", 1]]]], "precision_recall_curves": {"Seattle": {"precision": [0.9047619047619048, 0.9032258064516129, 0.9180327868852459, 0.9333333333333333, 0.9491525423728814, 0.9655172413793104, 0.9649122807017544, 0.9821428571428571, 0.9818181818181818, 0.9814814814814815, 0.9811320754716981, 0.9807692307692307, 0.9803921568627451, 0.98, 0.9795918367346939, 0.9791666666666666, 0.9787234042553191, 0.9782608695652174, 0.9777777777777777, 0.9772727272727273, 0.9767441860465116, 0.9761904761904762, 0.975609756097561, 0.975, 0.9743589743589743, 1.0, 1.0, 1.0, 1.0, 1.0, 1.0, 1.0, 1.0, 1.0, 1.0, 1.0, 1.0, 1.0, 1.0, 1.0, 1.0, 1.0, 1.0, 1.0, 1.0, 1.0, 1.0, 1.0, 1.0, 1.0, 1.0, 1.0, 1.0, 1.0, 1.0, 1.0, 1.0, 1.0, 1.0, 1.0, 1.0, 1.0, 1.0, 1.0], "recall": [1.0, 0.9824561403508771, 0.9824561403508771, 0.9824561403508771, 0.9824561403508771, 0.9824561403508771, 0.9649122807017544, 0.9649122807017544, 0.9473684210526315, 0.9298245614035088, 0.9122807017543859, 0.8947368421052632, 0.8771929824561403, 0.8596491228070176, 0.8421052631578947, 0.8245614035087719, 0.8070175438596491, 0.7894736842105263, 0.7719298245614035, 0.7543859649122807, 0.7368421052631579, 0.7192982456140351, 0.7017543859649122, 0.6842105263157895, 0.6666666666666666, 0.6666666666666666, 0.6491228070175439, 0.631578947368421, 0.6140350877192983, 0.5964912280701754, 0.5789473684210527, 0.5614035087719298, 0.543859649122807, 0.5263157894736842, 0.5087719298245614, 0.49122807017543857, 0.47368421052631576, 0.45614035087719296, 0.43859649122807015, 0.42105263157894735, 0.40350877192982454, 0.38596491228070173, 0.3684210526315789, 0.3508771929824561, 0.3333333333333333, 0.3157894736842105, 0.2982456140350877, 0.2807017543859649, 0.2631578947368421, 0.24561403508771928, 0.22807017543859648, 0.21052631578947367, 0.19298245614035087, 0.17543859649122806, 0.15789473684210525, 0.14035087719298245, 0.12280701754385964, 0.10526315789473684, 0.08771929824561403, 0.07017543859649122, 0.05263157894736842, 0.03508771929824561, 0.017543859649122806, 0.0], "thresholds": [0.29434993863105774, 0.327606737613678, 0.38373857736587524, 0.4938655197620392, 0.6053211092948914, 0.6873782277107239, 0.7164157629013062, 0.9125084280967712, 0.920910120010376, 0.9220984578132629, 0.9399386048316956, 0.9719547629356384, 0.9748753309249878, 0.9780557155609131, 0.9789755940437317, 0.9855523705482483, 0.9864428043365479, 0.9868786931037903, 0.9870492815971375, 0.9872022271156311, 0.9918004870414734, 0.9927675724029541, 0.9928902387619019, 0.9929336309432983, 0.9938507080078125, 0.9944308400154114, 0.9946256279945374, 0.9965559244155884, 0.9971954822540283, 0.9973449110984802, 0.9976426959037781, 0.9978328347206116, 0.9978863596916199, 0.9982166886329651, 0.9984377026557922, 0.998473584651947, 0.9984843134880066, 0.9987094402313232, 0.9987555742263794, 0.9989150762557983, 0.999014139175415, 0.9992939233779907, 0.9993230104446411, 0.9993492960929871, 0.9994778037071228, 0.9995984435081482, 0.9996367692947388, 0.999637246131897, 0.9996742010116577, 0.9996808767318726, 0.9996955394744873, 0.9997264742851257, 0.9997463822364807, 0.999756395816803, 0.9997724890708923, 0.9997746348381042, 0.9998063445091248, 0.9998171925544739, 0.999862551689148, 0.9998806715011597, 0.9999150037765503, 0.9999414682388306, 0.9999690055847168]}, "Bellevue": {"precision": [1.0, 1.0, 1.0, 1.0, 1.0, 1.0, 1.0, 1.0, 1.0, 1.0], "recall": [1.0, 0.8888888888888888, 0.7777777777777778, 0.6666666666666666, 0.5555555555555556, 0.4444444444444444, 0.3333333333333333, 0.2222222222222222, 0.1111111111111111, 0.0], "thresholds": [0.9830050468444824, 0.9833109378814697, 0.9846765398979187, 0.9870309233665466, 0.9902245402336121, 0.9952810406684875, 0.9963819980621338, 0.9974648952484131, 0.9975786805152893]}, "Renton": {"precision": [1.0, 1.0, 1.0, 1.0, 1.0, 1.0, 1.0, 1.0, 1.0, 1.0, 1.0, 1.0, 1.0, 1.0, 1.0], "recall": [1.0, 0.9285714285714286, 0.8571428571428571, 0.7857142857142857, 0.7142857142857143, 0.6428571428571429, 0.5714285714285714, 0.5, 0.42857142857142855, 0.35714285714285715, 0.2857142857142857, 0.21428571428571427, 0.14285714285714285, 0.07142857142857142, 0.0], "thresholds": [0.48241692781448364, 0.7162595987319946, 0.7856265902519226, 0.8806130290031433, 0.8960692882537842, 0.9241277575492859, 0.9364591240882874, 0.9434933662414551, 0.9519205093383789, 0.9613824486732483, 0.971086323261261, 0.9838341474533081, 0.9870024919509888, 0.9915618300437927]}, "Kent": {"precision": [0.6875, 0.6666666666666666, 0.7142857142857143, 0.7692307692307693, 0.75, 0.8181818181818182, 0.9, 0.8888888888888888, 0.875, 1.0, 1.0, 1.0, 1.0, 1.0, 1.0, 1.0, 1.0], "recall": [1.0, 0.9090909090909091, 0.9090909090909091, 0.9090909090909091, 0.8181818181818182, 0.8181818181818182, 0.8181818181818182, 0.7272727272727273, 0.6363636363636364, 0.6363636363636364, 0.5454545454545454, 0.45454545454545453, 0.36363636363636365, 0.2727272727272727, 0.18181818181818182, 0.09090909090909091, 0.0],