{"property_type": {"class_counts": [["Residential", 279], ["Condominium", 15], ["Multi-Family", 7]], "avg_precision": 0.9976275207591933, "avg_recall": 0.9555555555555556, "avg_f1": 0.975, "avg_accuracy": 0.9933554817275747, "weighted_precision": 0.9934027736725742, "weighted_recall": 0.9933554817275747, "weighted_f1": 0.9931300427147604, "weighted_accuracy": 0.9933554817275747, "class_precision": [0.9928825622775801, 1.0, 1.0], "class_recall": [1.0, 0.8666666666666667, 1.0], "class_f1": [0.9964285714285714, 0.9285714285714286, 1.0], "class_accuracy": 0.9933554817275747, "num_classes": 3, "num_applicable_rows": 301, "confusion_matrix": [["Residential", [["Residential", 279]]], ["Condominium", [["Condominium", 13], ["Residential", 2]]], ["Multi-Family", [["Multi-Family", 7]]]], "precision_recall_curves": {"Residential": {"precision": [0.9964285714285714, 0.996415770609319, 0.9964028776978417, 0.9963898916967509, 0.9963768115942029, 0.9963636363636363, 0.9963503649635036, 0.9963369963369964, 1.0, 1.0, 1.0, 1.0, 1.0, 1.0, 1.0, 1.0, 1.0, 1.0, 1.0, 1.0, 1.0, 1.0], "recall": [1.0, 0.996415770609319, 0.992831541218638, 0.989247311827957, 0.985663082437276, 0.982078853046595, 0.978494623655914, 0.974910394265233, 0.974910394265233, 0.9713261648745519, 0.967741935483871, 0.96415770609319, 0.9605734767025089, 0.956989247311828, 0.953405017921147, 0.9498207885304659, 0.946236559139785, 0.942652329749104, 0.9354838709677419, 0.931899641577061, 0.9283154121863799, 0.0], "thresholds": [0.9501420855522156, 0.9829335808753967, 0.984535276889801, 0.991901695728302, 0.9982643723487854, 0.9990432858467102, 0.9990901947021484, 0.9999115467071533, 0.9999672174453735, 0.9999762773513794, 0.9999775886535645, 0.9999914169311523, 0.9999929666519165, 0.9999963045120239, 0.9999978542327881, 0.999998927116394, 0.9999994039535522, 0.9999996423721313, 0.9999997615814209, 0.9999998807907104, 1.0]}, "Condominium": {"precision": [0.6818181818181818, 0.6666666666666666, 0.7, 0.7368421052631579, 0.7777777777777778, 0.8235294117647058, 0.875, 0.9333333333333333, 1.0, 1.0, 1.0, 1.0, 1.0, 1.0, 1.0, 1.0, 1.0, 1.0], "recall": [1.0, 0.9333333333333333, 0.9333333333333333, 0.9333333333333333, 0.9333333333333333, 0.9333333333333333, 0.9333333333333333, 0.9333333333333333, 0.9333333333333333, 0.8666666666666667, 0.8, 0.7333333333333333, 0.6666666666666666, 0.6, 0.5333333333333333, 0.4666666666666667, 0.4, 0.0], "thresholds": [8.847571007208899e-05, 0.0009098202572204173, 0.0009566967491991818, 0.0017356283497065306, 0.008098344318568707, 0.01546468585729599, 0.017066430300474167, 0.04985791817307472, 0.15112078189849854, 0.9557385444641113, 0.9829760193824768, 0.9971711039543152, 0.997397780418396, 0.9974516034126282, 0.9989699125289917, 0.9999997615814209, 1.0]}, "Multi-Family": {"precision": [1.0, 1.0], "recall": [1.0, 0.0], "thresholds": [1.0]}}}}