{"county": {"class_counts": [["Pierce", 301]], "avg_precision": 1.0, "avg_recall": 1.0, "avg_f1": 1.0, "avg_accuracy": 1.0, "weighted_precision": 1.0, "weighted_recall": 1.0, "weighted_f1": 1.0, "weighted_accuracy": 1.0, "class_precision": [1.0], "class_recall": [1.0], "class_f1": [1.0], "class_accuracy": 1.0, "num_classes": 1, "num_applicable_rows": 301, "confusion_matrix": [["Pierce", [["Pierce", 301]]]], "precision_recall_curves": {"Pierce": {"precision": [1.0, 1.0, 1.0, 1.0, 1.0, 1.0, 1.0, 1.0, 1.0, 1.0, 1.0, 1.0, 1.0, 1.0, 1.0, 1.0, 1.0, 1.0, 1.0, 1.0, 1.0, 1.0, 1.0, 1.0, 1.0, 1.0, 1.0, 1.0, 1.0, 1.0, 1.0, 1.0, 1.0, 1.0, 1.0, 1.0, 1.0, 1.0, 1.0, 1.0, 1.0, 1.0, 1.0, 1.0, 1.0, 1.0, 1.0, 1.0, 1.0, 1.0, 1.0, 1.0, 1.0, 1.0, 1.0, 1.0, 1.0, 1.0, 1.0, 1.0, 1.0, 1.0, 1.0, 1.0, 1.0, 1.0, 1.0, 1.0, 1.0, 1.0, 1.0, 1.0, 1.0, 1.0, 1.0, 1.0, 1.0, 1.0, 1.0, 1.0, 1.0, 1.0, 1.0, 1.0, 1.0, 1.0, 1.0, 1.0, 1.0, 1.0, 1.0, 1.0, 1.0, 1.0, 1.0, 1.0, 1.0, 1.0, 1.0, 1.0, 1.0, 1.0, 1.0, 1.0, 1.0, 1.0, 1.0, 1.0, 1.0, 1.0, 1.0, 1.0, 1.0, 1.0, 1.0, 1.0, 1.0, 1.0, 1.0, 1.0, 1.0, 1.0, 1.0, 1.0, 1.0, 1.0, 1.0, 1.0, 1.0, 1.0, 1.0, 1.0, 1.0, 1.0, 1.0, 1.0, 1.0, 1.0, 1.0, 1.0, 1.0, 1.0, 1.0, 1.0, 1.0, 1.0, 1.0, 1.0, 1.0, 1.0, 1.0, 1.0, 1.0, 1.0, 1.0, 1.0, 1.0, 1.0, 1.0, 1.0, 1.0, 1.0, 1.0, 1.0, 1.0, 1.0, 1.0, 1.0, 1.0, 1.0, 1.0, 1.0, 1.0, 1.0, 1.0, 1.0, 1.0, 1.0, 1.0, 1.0, 1.0, 1.0, 1.0, 1.0, 1.0, 1.0, 1.0, 1.0, 1.0, 1.0, 1.0, 1.0, 1.0, 1.0, 1.0, 1.0, 1.0, 1.0, 1.0, 1.0, 1.0, 1.0, 1.0, 1.0, 1.0, 1.0, 1.0, 1.0, 1.0, 1.0, 1.0], "recall": [1.0, 0.9966777408637874, 0.9933554817275747, 0.9900332225913622, 0.9867109634551495, 0.9833887043189369, 0.9800664451827242, 0.9767441860465116, 0.973421926910299, 0.9700996677740864, 0.9667774086378738, 0.9634551495016611, 0.9601328903654485, 0.9568106312292359, 0.9534883720930233, 0.9501661129568106, 0.946843853820598, 0.9435215946843853, 0.9401993355481728, 0.9368770764119602, 0.9335548172757475, 0.9302325581395349, 0.9269102990033222, 0.9235880398671097, 0.920265780730897, 0.9169435215946844, 0.9136212624584718, 0.9102990033222591, 0.9069767441860465, 0.9036544850498339, 0.9003322259136213, 0.8970099667774086, 0.893687707641196, 0.8903654485049833, 0.8870431893687708, 0.8837209302325582, 0.8803986710963455, 0.8770764119601329, 0.8737541528239202, 0.8704318936877077, 0.867109634551495, 0.8637873754152824, 0.8604651162790697, 0.8571428571428571, 0.8538205980066446, 0.8504983388704319, 0.8471760797342193, 0.8438538205980066, 0.840531561461794, 0.8372093023255814, 0.8338870431893688, 0.8305647840531561, 0.8272425249169435, 0.8239202657807309, 0.8205980066445183, 0.8172757475083057, 0.813953488372093, 0.8106312292358804, 0.8073089700996677, 0.8039867109634552, 0.8006644518272426, 0.7973421926910299, 0.7940199335548173, 0.7906976744186046, 0.7873754152823921, 0.7840531561461794, 0.7807308970099668, 0.7774086378737541, 0.7740863787375415, 0.770764119601329, 0.7674418604651163, 0.7641196013289037, 0.760797342192691, 0.7541528239202658, 0.7475083056478405, 0.7441860465116279, 0.7408637873754153, 0.7375415282392026, 0.7342192691029901, 0.7308970099667774, 0.7275747508305648, 0.7242524916943521, 0.7209302325581395, 0.717607973421927, 0.7109634551495017, 0.707641196013289, 0.7043189368770764, 0.7009966777408638, 0.6976744186046512, 0.6943521594684385, 0.6910299003322259, 0.6877076411960132, 0.6843853820598007, 0.6810631229235881, 0.6777408637873754, 0.6744186046511628, 0.6710963455149501, 0.6644518272425249, 0.6611295681063123, 0.6578073089700996, 0.6478405315614618, 0.6445182724252492, 0.6411960132890365, 0.6378737541528239, 0.6345514950166113, 0.627906976744186, 0.6245847176079734, 0.6212624584717608, 0.6146179401993356, 0.6079734219269103, 0.6046511627906976, 0.6013289036544851, 0.5980066445182725, 0.5946843853820598, 0.5880398671096345, 0.584717607973422, 0.5780730897009967, 0.5714285714285714, 0.5681063122923588, 0.5647840531561462, 0.5614617940199336, 0.5548172757475083, 0.5514950166112956, 0.5481727574750831, 0.5448504983388704, 0.5415282392026578, 0.5348837209302325, 0.53156146179402, 0.5282392026578073, 0.5249169435215947, 0.521594684385382, 0.5182724252491694, 0.5149501661129569, 0.5083056478405316, 0.5049833887043189, 0.5016611295681063, 0.4950166112956811, 0.49169435215946844, 0.4883720930232558, 0.4850498338870432, 0.48172757475083056, 0.47840531561461797, 0.4684385382059801, 0.46511627906976744, 0.4584717607973422, 0.45514950166112955, 0.45182724252491696, 0.4485049833887043, 0.4418604651162791, 0.43853820598006643, 0.4318936877076412, 0.42524916943521596, 0.4219269102990033, 0.4186046511627907, 0.4152823920265781, 0.4119601328903654, 0.4053156146179402, 0.4019933554817276, 0.39867109634551495, 0.3953488372093023, 0.3920265780730897, 0.3853820598006645, 0.38205980066445183, 0.3754152823920266, 0.3654485049833887, 0.3588039867109635, 0.3554817275747508, 0.3488372093023256, 0.34551495016611294, 0.34219269102990035, 0.33554817275747506, 0.33222591362126247, 0.3289036544850498, 0.32558139534883723, 0.3222591362126246, 0.3089700996677741, 0.3023255813953488, 0.2956810631229236, 0.27906976744186046, 0.2724252491694352, 0.26245847176079734, 0.25249169435215946, 0.2425249169435216, 0.23920265780730898, 0.23588039867109634, 0.22591362126245848, 0.2159468438538206, 0.21262458471760798, 0.2059800664451827, 0.2026578073089701, 0.19269102990033224, 0.17940199335548174, 0.1760797342192691, 0.16611295681063123, 0.15946843853820597, 0.15614617940199335, 0.14950166112956811, 0.14285714285714285, 0.1362126245847176, 0.12956810631229235, 0.11295681063122924, 0.10963455149501661, 0.10299003322259136, 0.09966777408637874, 0.09634551495016612, 0.09302325581395349, 0.08970099667774087, 0.07308970099667775, 0.046511627906976744, 0.03322259136212625, 0.0],