{"county": {"class_counts": [["King", 522]], "avg_precision": 1.0, "avg_recall": 1.0, "avg_f1": 1.0, "avg_accuracy": 1.0, "weighted_precision": 1.0, "weighted_recall": 1.0, "weighted_f1": 1.0, "weighted_accuracy": 1.0, "class_precision": [1.0], "class_recall": [1.0], "class_f1": [1.0], "class_accuracy": 1.0, "num_classes": 1, "num_applicable_rows": 522, "confusion_matrix": [["King", [["King", 522]]]], "precision_recall_curves": {"King": {"precision": [1.0, 1.0, 1.0, 1.0, 1.0, 1.0, 1.0, 1.0, 1.0, 1.0, 1.0, 1.0, 1.0, 1.0, 1.0, 1.0, 1.0, 1.0, 1.0, 1.0, 1.0, 1.0, 1.0, 1.0, 1.0, 1.0, 1.0, 1.0, 1.0, 1.0, 1.0, 1.0, 1.0, 1.0, 1.0, 1.0, 1.0, 1.0, 1.0, 1.0, 1.0, 1.0, 1.0, 1.0, 1.0, 1.0, 1.0, 1.0, 1.0, 1.0, 1.0, 1.0, 1.0, 1.0, 1.0, 1.0, 1.0, 1.0, 1.0, 1.0, 1.0, 1.0, 1.0, 1.0, 1.0, 1.0, 1.0, 1.0, 1.0, 1.0, 1.0, 1.0, 1.0, 1.0, 1.0, 1.0, 1.0, 1.0, 1.0, 1.0, 1.0, 1.0, 1.0, 1.0, 1.0, 1.0, 1.0, 1.0, 1.0, 1.0, 1.0, 1.0, 1.0, 1.0, 1.0, 1.0, 1.0, 1.0, 1.0, 1.0, 1.0, 1.0, 1.0, 1.0, 1.0, 1.0, 1.0, 1.0, 1.0, 1.0, 1.0, 1.0, 1.0, 1.0, 1.0, 1.0, 1.0, 1.0, 1.0, 1.0, 1.0, 1.0, 1.0, 1.0, 1.0, 1.0, 1.0, 1.0, 1.0, 1.0, 1.0, 1.0, 1.0, 1.0, 1.0, 1.0, 1.0, 1.0, 1.0, 1.0, 1.0, 1.0, 1.0, 1.0, 1.0, 1.0, 1.0, 1.0, 1.0, 1.0, 1.0, 1.0, 1.0, 1.0, 1.0, 1.0, 1.0, 1.0, 1.0, 1.0, 1.0, 1.0, 1.0, 1.0, 1.0, 1.0, 1.0, 1.0, 1.0, 1.0, 1.0, 1.0, 1.0, 1.0, 1.0, 1.0, 1.0, 1.0, 1.0, 1.0, 1.0, 1.0, 1.0, 1.0, 1.0, 1.0, 1.0, 1.0, 1.0, 1.0, 1.0], "recall": [1.0, 0.9980842911877394, 0.9961685823754789, 0.9942528735632183, 0.9923371647509579, 0.9904214559386973, 0.9885057471264368, 0.9865900383141762, 0.9846743295019157, 0.9827586206896551, 0.9808429118773946, 0.9789272030651341, 0.9770114942528736, 0.975095785440613, 0.9731800766283525, 0.9712643678160919, 0.9693486590038314, 0.9674329501915708, 0.9655172413793104, 0.9636015325670498, 0.9616858237547893, 0.9578544061302682, 0.9559386973180076, 0.9521072796934866, 0.9501915708812261, 0.9482758620689655, 0.946360153256705, 0.9444444444444444, 0.9425287356321839, 0.9406130268199234, 0.9386973180076629, 0.9367816091954023, 0.9348659003831418, 0.9329501915708812, 0.9310344827586207, 0.9291187739463601, 0.9272030651340997, 0.9233716475095786, 0.9195402298850575, 0.9176245210727969, 0.9157088122605364, 0.9137931034482759, 0.9099616858237548, 0.9080459770114943, 0.9061302681992337, 0.9022988505747126, 0.9003831417624522, 0.8984674329501916, 0.8946360153256705, 0.89272030651341, 0.8908045977011494, 0.8888888888888888, 0.8869731800766284, 0.8831417624521073, 0.8812260536398467, 0.8793103448275862, 0.8773946360153256, 0.8754789272030651, 0.8735632183908046, 0.8716475095785441, 0.8697318007662835, 0.867816091954023, 0.8659003831417624, 0.8639846743295019, 0.8620689655172413, 0.8582375478927203, 0.8563218390804598, 0.8544061302681992, 0.8524904214559387, 0.8486590038314177, 0.8467432950191571, 0.8448275862068966, 0.842911877394636, 0.8409961685823755, 0.8390804597701149, 0.8371647509578544, 0.8333333333333334, 0.8314176245210728, 0.8295019157088123, 0.8275862068965517, 0.8256704980842912, 0.8218390804597702, 0.8180076628352491, 0.8160919540229885, 0.814176245210728, 0.8122605363984674, 0.8103448275862069, 0.8084291187739464, 0.8065134099616859, 0.8026819923371648, 0.8007662835249042, 0.7988505747126436, 0.7969348659003831, 0.7931034482758621, 0.7873563218390804, 0.7854406130268199, 0.7835249042145593, 0.7796934865900383, 0.7758620689655172, 0.7720306513409961, 0.7701149425287356, 0.7681992337164751, 0.7662835249042146, 0.7624521072796935, 0.7586206896551724, 0.7547892720306514, 0.7528735632183908, 0.7490421455938697, 0.7452107279693486, 0.7432950191570882, 0.7394636015325671, 0.7375478927203065, 0.735632183908046, 0.7318007662835249, 0.7241379310344828, 0.7222222222222222, 0.7203065134099617, 0.7164750957854407, 0.7126436781609196, 0.710727969348659, 0.7049808429118773, 0.6973180076628352, 0.6915708812260536, 0.6877394636015326, 0.6819923371647509, 0.6800766283524904, 0.6724137931034483, 0.6704980842911877, 0.6685823754789272, 0.6609195402298851, 0.657088122605364, 0.6513409961685823, 0.6436781609195402, 0.6417624521072797, 0.6398467432950191, 0.6379310344827587, 0.6360153256704981, 0.6302681992337165, 0.6264367816091954, 0.6111111111111112, 0.60727969348659, 0.6015325670498084, 0.5977011494252874, 0.5957854406130269, 0.5881226053639846, 0.5804597701149425, 0.5727969348659003, 0.5670498084291188, 0.5613026819923371, 0.553639846743295, 0.5440613026819924, 0.5363984674329502, 0.5306513409961686, 0.5191570881226054, 0.5153256704980843, 0.5057471264367817, 0.49616858237547895, 0.4904214559386973, 0.4789272030651341, 0.47509578544061304, 0.4674329501915709, 0.45977011494252873, 0.4521072796934866, 0.4367816091954023, 0.4272030651340996, 0.421455938697318, 0.41762452107279696, 0.4118773946360153, 0.39846743295019155, 0.3888888888888889, 0.3735632183908046, 0.35823754789272033, 0.3371647509578544, 0.32567049808429116, 0.3160919540229885, 0.289272030651341, 0.2777777777777778, 0.27011494252873564, 0.2471264367816092, 0.23180076628352492, 0.2164750957854406, 0.20306513409961685, 0.1781609195402299, 0.15517241379310345, 0.12835249042145594, 0.11877394636015326, 0.08045977011494253, 0.06321839080459771, 0.040229885057471264, 0.02490421455938697, 0.0],