{"city_name": {"class_counts": [["Everett", 17], ["Bothell", 12], ["Lynnwood", 10], ["Marysville", 10], ["Snohomish", 7], ["Lake Stevens", 6], ["Edmonds", 5], ["Monroe", 4], ["Arlington", 4], ["Granite Falls", 2], ["Brier", 2], ["Stanwood", 2], ["Sultan", 2], ["Mill Creek", 1], ["Mountlake Terrace", 1], ["Gold Bar", 1]], "avg_precision": 0.5450046685340804, "avg_recall": 0.5778711484593838, "avg_f1": 0.5541660495220867, "avg_accuracy": 0.8488372093023255, "weighted_precision": 0.8103359173126616, "weighted_recall": 0.8488372093023255, "weighted_f1": 0.8221297606242526, "weighted_accuracy": 0.8488372093023255, "class_precision": [1.0, 0.7333333333333333, 0.8888888888888888, 1.0, 1.0, 0.8571428571428571, 0.7142857142857143, 0.5714285714285714, 1.0, 0.5, 0.0, 1.0, 0.0, 0.0, 0.0, 0.0], "class_recall": [1.0, 0.9166666666666666, 0.8, 1.0, 0.8571428571428571, 1.0, 1.0, 1.0, 0.75, 0.5, 0.0, 1.0, 0.0, 0.0, 0.0, 0.0], "class_f1": [1.0, 0.8148148148148148, 0.8421052631578948, 1.0, 0.923076923076923, 0.923076923076923, 0.8333333333333333, 0.7272727272727273, 0.8571428571428571, 0.5, 0.0, 1.0, 0.0, 0.0, 0.0, 0.0], "class_accuracy": 0.8488372093023255, "num_classes": 16, "num_applicable_rows": 86, "confusion_matrix": [["Everett", [["Everett", 17]]], ["Bothell", [["Bothell", 11], ["Lynnwood", 1]]], ["Lynnwood", [["Lynnwood", 8], ["Bothell", 1], ["Edmonds", 1]]], ["Marysville", [["Marysville", 10]]], ["Snohomish", [["Snohomish", 6], ["Monroe", 1]]], ["Lake Stevens", [["Lake Stevens", 6]]], ["Edmonds", [["Edmonds", 5]]], ["Monroe", [["Monroe", 4]]], ["Arlington", [["Arlington", 3], ["Granite Falls", 1]]], ["Granite Falls", [["Lake Stevens", 1], ["Granite Falls", 1]]], ["Brier", [["Bothell", 2]]], ["Stanwood", [["Stanwood", 2]]], ["Sultan", [["Monroe", 2]]], ["Mill Creek", [["Bothell", 1]]], ["Mountlake Terrace", [["Edmonds", 1]]], ["Gold Bar", [["Index", 1]]]], "precision_recall_curves": {"Everett": {"precision": [1.0, 1.0, 1.0, 1.0, 1.0, 1.0, 1.0, 1.0, 1.0, 1.0, 1.0, 1.0, 1.0, 1.0, 1.0, 1.0, 1.0, 1.0], "recall": [1.0, 0.9411764705882353, 0.8823529411764706, 0.8235294117647058, 0.7647058823529411, 0.7058823529411765, 0.6470588235294118, 0.5882352941176471, 0.5294117647058824, 0.47058823529411764, 0.4117647058823529, 0.35294117647058826, 0.29411764705882354, 0.23529411764705882, 0.17647058823529413, 0.11764705882352941, 0.058823529411764705, 0.0], "thresholds": [0.596664547920227, 0.7578708529472351, 0.9124582409858704, 0.9132495522499084, 0.91412353515625, 0.9568631649017334, 0.9694737195968628, 0.9742287397384644, 0.9749131202697754, 0.9776045083999634, 0.9829022884368896, 0.9865662455558777, 0.9883423447608948, 0.9898686408996582, 0.9907606840133667, 0.9971480965614319, 0.999848484992981]}, "Bothell": {"precision": [0.8571428571428571, 0.8461538461538461, 0.9166666666666666, 1.0, 1.0, 1.0, 1.0, 1.0, 1.0, 1.0, 1.0, 1.0, 1.0, 1.0, 1.0], "recall": [1.0, 0.9166666666666666, 0.9166666666666666, 0.9166666666666666, 0.8333333333333334, 0.75, 0.6666666666666666, 0.5833333333333334, 0.5, 0.4166666666666667, 0.3333333333333333, 0.25, 0.16666666666666666, 0.08333333333333333, 0.0], "thresholds": [0.43900614976882935, 0.5275081992149353, 0.544546365737915, 0.820253849029541, 0.9632600545883179, 0.9990839958190918, 0.9993903636932373, 0.9994889497756958, 0.9996034502983093, 0.9997205138206482, 0.9997537732124329, 0.9997902512550354, 0.9998376369476318, 0.999880313873291]}, "Lynnwood": {"precision": [0.9090909090909091, 0.9, 0.8888888888888888, 1.0, 1.0, 1.0, 1.0, 1.0, 1.0, 1.0, 1.0, 1.0], "recall": [1.0, 0.9, 0.8, 0.8, 0.7, 0.6, 0.5, 0.4, 0.3, 0.2, 0.1, 0.0], "thresholds": [0.37162068486213684, 0.38459283113479614, 0.48407062888145447, 0.5223686099052429, 0.61087965965271, 0.7349284291267395, 0.7499096393585205, 0.7769939303398132, 0.787812352180481, 0.8929446935653687, 0.9064686894416809]}, "Marysville": {"precision": [1.0, 1.0, 1.0, 1.0, 1.0, 1.0, 1.0, 1.0, 1.0, 1.0, 1.0], "recall": [1.0, 0.9, 0.8, 0.7, 0.6, 0.5, 0.4, 0.3, 0.2, 0.1, 0.0], "thresholds": [0.6048181653022766, 0.8694348335266113, 0.9054141044616699, 0.9373851418495178, 0.9490394592285156, 0.9523078203201294, 0.9591234922409058, 0.9643949270248413, 0.967415988445282, 0.9712517261505127]}, "Lake Stevens": {"precision": [1.0, 1.0, 1.0, 1.0, 1.0, 1.0, 1.0], "recall": [1.0, 0.8333333333333334, 0.6666666666666666, 0.5, 0.3333333333333333, 0.16666666666666666, 0.0], "thresholds": [0.8824183940887451, 0.9065869450569153, 0.920157253742218, 0.9345667958259583, 0.9521504044532776, 0.9634798765182495]}, "Snohomish": {"precision": [1.0, 1.0, 1.0, 1.0, 1.0, 1.0, 1.0, 1.0], "recall": [1.0, 0.8571428571428571, 0.7142857142857143, 0.5714285714285714, 0.42857142857142855, 0.2857142857142857, 0.14285714285714285, 0.0], "thresholds": [0.3142133355140686, 0.6348966956138611, 0.8030849099159241, 0.8725658655166626, 0.8983879685401917, 0.92437744140625, 0.9780159592628479]}, "Edmonds": {"precision": [1.0, 1.0, 1.0, 1.0, 1.0, 1.0], "recall": [1.0, 0.8, 0.6, 0.4, 0.2, 0.0], "thresholds": [0.9032184481620789, 0.9317286014556885, 0.9710584878921509, 0.9764618277549744, 0.9861750602722168]}, "Arlington": {"precision": [0.6666666666666666, 0.6, 0.75, 1.0, 1.0, 1.0, 1.0], "recall": [1.0, 0.75, 0.75, 0.75, 0.5, 0.25, 0.0], "thresholds": [0.04173425957560539, 0.048731736838817596, 0.07204020023345947, 0.9486100673675537, 0.9741554856300354, 0.990036129951477]}, "Monroe": {"precision": [1.0, 1.0, 1.0, 1.0, 1.0], "recall": [1.0, 0.75, 0.5, 0.25, 0.0], "thresholds": [0.9436393976211548, 0.9536930918693542, 0.9574814438819885, 0.9693011045455933]}, "Mill Creek": {"precision": [1.0, 1.0], "recall": [1.0, 0.0], "thresholds": [0.29822206497192383]}, "Mountlake Terrace": {"precision": [0.5, 0.0, 1.0], "recall": [1.0, 0.0, 0.0], "thresholds": [0.0728045403957367, 0.11001446098089218]}, "Granite Falls": {"precision": [0.2222222222222222, 0.125, 0.14285714285714285, 0.16666666666666666, 0.2, 0.25, 0.3333333333333333, 0.5, 0.0, 1.0], "recall": [1.0, 0.5, 0.5, 0.5, 0.5, 0.5, 0.5, 0.5, 0.0, 0.0], "thresholds": [0.004565269686281681, 0.004897697828710079, 0.008093602955341339, 0.009650266729295254, 0.010303499177098274, 0.012099014595150948, 0.014311697334051132, 0.39964795112609863, 0.9579191207885742]}, "Stanwood": {"precision": [1.0, 1.0, 1.0], "recall": [1.0, 0.5, 0.0], "thresholds": [0.9208815097808838, 0.9812982082366943]}, "Sultan": {"precision": [1.0, 1.0, 1.0], "recall": [1.0, 0.5, 0.0], "thresholds": [0.14603465795516968, 0.3721635639667511]}, "Gold Bar": {"precision": [1.0, 1.0], "recall": [1.0, 0.0], "thresholds": [0.0770135298371315]}, "Brier": {"precision": [1.0, 1.0, 1.0], "recall": [1.0, 0.5, 0.0], "thresholds": [0.055192265659570694, 0.1343589425086975]}}}}