{"garage": {"class_counts": [["Garage-Attached", 41], ["Off Street", 4], ["Garage-Attached, Off Street", 3], ["Garage-Detached", 3], ["None", 2], ["Carport-Attached", 2], ["Garage-Detached, Off Street", 1], ["Carport-Detached, Off Street", 1], ["Garage-Attached, Garage-Detached", 1], ["Carport-Detached, Garage-Detached", 1], ["10 - 1 Story", 1], ["Carport-Detached, Garage-Attached", 1], ["Carport-Attached, Garage-Attached", 1]], "avg_precision": 0.054376657824933686, "avg_recall": 0.07692307692307693, "avg_f1": 0.06371406371406371, "avg_accuracy": 0.6612903225806451, "weighted_precision": 0.4674638487208009, "weighted_recall": 0.6612903225806451, "weighted_f1": 0.5477354187031607, "weighted_accuracy": 0.6612903225806451, "class_precision": [0.7068965517241379, 0.0, 0.0, 0.0, 0.0, 0.0, 0.0, 0.0, 0.0, 0.0, 0.0, 0.0, 0.0], "class_recall": [1.0, 0.0, 0.0, 0.0, 0.0, 0.0, 0.0, 0.0, 0.0, 0.0, 0.0, 0.0, 0.0], "class_f1": [0.8282828282828283, 0.0, 0.0, 0.0, 0.0, 0.0, 0.0, 0.0, 0.0, 0.0, 0.0, 0.0, 0.0], "class_accuracy": 0.6612903225806451, "num_classes": 13, "num_applicable_rows": 62, "confusion_matrix": [["Garage-Attached", [["Garage-Attached", 41]]], ["Off Street", [["Garage-Attached", 3], ["Carport-Attached", 1]]], ["Garage-Attached, Off Street", [["Garage-Attached", 3]]], ["Garage-Detached", [["Garage-Attached", 2], ["Off Street", 1]]], ["None", [["Garage-Attached", 1], ["Garage-Attached, Off Street", 1]]], ["Carport-Attached", [["Garage-Attached", 2]]], ["Garage-Detached, Off Street", [["Garage-Attached", 1]]], ["Carport-Detached, Off Street", [["Garage-Attached", 1]]], ["Garage-Attached, Garage-Detached", [["Garage-Attached", 1]]], ["Carport-Detached, Garage-Detached", [["Garage-Attached", 1]]], ["10 - 1 Story", [["Off Street", 1]]], ["Carport-Detached, Garage-Attached", [["Garage-Attached", 1]]], ["Carport-Attached, Garage-Attached", [["Garage-Attached", 1]]]], "precision_recall_curves": {"Garage-Attached": {"precision": [0.6833333333333333, 0.6779661016949152, 0.6896551724137931, 0.6842105263157895, 0.6964285714285714, 0.6909090909090909, 0.7037037037037037, 0.7169811320754716, 0.7307692307692307, 0.7254901960784313, 0.72, 0.7142857142857143, 0.7083333333333334, 0.7021276595744681, 0.717391304347826, 0.7111111111111111, 0.7045454545454546, 0.7209302325581395, 0.7380952380952381, 0.7317073170731707, 0.725, 0.7435897435897436, 0.7368421052631579, 0.7567567567567568, 0.7777777777777778, 0.8, 0.7941176470588235, 0.8181818181818182, 0.84375, 0.8387096774193549, 0.8333333333333334, 0.8620689655172413, 0.8571428571428571, 0.8518518518518519, 0.8461538461538461, 0.84, 0.875, 0.9130434782608695, 0.9090909090909091, 0.9047619047619048, 0.9, 0.8947368421052632, 0.8888888888888888, 0.9411764705882353, 0.9375, 0.9333333333333333, 0.9285714285714286, 1.0, 1.0, 1.0, 1.0, 1.0, 1.0, 1.0, 1.0, 1.0, 1.0, 1.0, 1.0, 1.0, 1.0], "recall": [1.0, 0.975609756097561, 0.975609756097561, 0.9512195121951219, 0.9512195121951219, 0.926829268292683, 0.926829268292683, 0.926829268292683, 0.926829268292683, 0.9024390243902439, 0.8780487804878049, 0.8536585365853658, 0.8292682926829268, 0.8048780487804879, 0.8048780487804879, 0.7804878048780488, 0.7560975609756098, 0.7560975609756098, 0.7560975609756098, 0.7317073170731707, 0.7073170731707317, 0.7073170731707317, 0.6829268292682927, 0.6829268292682927, 0.6829268292682927, 0.6829268292682927, 0.6585365853658537, 0.6585365853658537, 0.6585365853658537, 0.6341463414634146, 0.6097560975609756, 0.6097560975609756, 0.5853658536585366, 0.5609756097560976, 0.5365853658536586, 0.5121951219512195, 0.5121951219512195, 0.5121951219512195, 0.4878048780487805, 0.4634146341463415, 0.43902439024390244, 0.4146341463414634, 0.3902439024390244, 0.3902439024390244, 0.36585365853658536, 0.34146341463414637, 0.3170731707317073, 0.3170731707317073, 0.2926829268292683, 0.2682926829268293, 0.24390243902439024, 0.21951219512195122, 0.1951219512195122, 0.17073170731707318, 0.14634146341463414, 0.12195121951219512, 0.0975609756097561, 0.07317073170731707, 0.04878048780487805, 0.024390243902439025, 0.0], "thresholds": [0.23864509165287018, 0.2541966736316681, 0.271170973777771, 0.2822241187095642, 0.2933245599269867, 0.30471286177635193, 0.32818615436553955, 0.3712630569934845, 0.3730189800262451, 0.4013296663761139, 0.4132950007915497, 0.4135929346084595, 0.41826027631759644, 0.44632989168167114, 0.47941696643829346, 0.47983598709106445, 0.507438600063324, 0.5159277319908142, 0.5332737565040588, 0.5551997423171997, 0.5745331645011902, 0.6108182072639465, 0.6110329031944275, 0.6189594268798828, 0.6595673561096191, 0.663811981678009, 0.6758872270584106, 0.6841511130332947, 0.6963635087013245, 0.7145581841468811, 0.7266852259635925, 0.7359093427658081, 0.7450549006462097, 0.7502208948135376, 0.750339150428772, 0.7531353235244751, 0.7575061321258545, 0.7637719511985779, 0.7653629183769226, 0.7665601968765259, 0.7719113826751709, 0.772826075553894, 0.7733324766159058, 0.7835110425949097, 0.7955639958381653, 0.7960338592529297, 0.8000890612602234, 0.8191521763801575, 0.8225811123847961, 0.8247813582420349, 0.8334499597549438, 0.8425134420394897, 0.8443098068237305, 0.8539448976516724, 0.8712390661239624, 0.8724410533905029, 0.8937283754348755, 0.8945932388305664, 0.9004946947097778, 0.9059259295463562]}, "Off Street": {"precision": [0.2, 0.15789473684210525, 0.16666666666666666, 0.11764705882352941, 0.125, 0.13333333333333333, 0.14285714285714285, 0.15384615384615385, 0.16666666666666666, 0.18181818181818182, 0.2, 0.2222222222222222, 0.25, 0.2857142857142857, 0.16666666666666666, 0.2, 0.25, 0.3333333333333333, 0.5, 0.0, 1.0], "recall": [1.0, 0.75, 0.75, 0.5, 0.5, 0.5, 0.5, 0.5, 0.5, 0.5, 0.5, 0.5, 0.5, 0.5, 0.25, 0.25, 0.25, 0.25, 0.25, 0.0, 0.0], "thresholds": [0.06214216351509094, 0.06434042751789093, 0.06666009873151779, 0.06916806846857071, 0.08598789572715759, 0.08656127005815506, 0.0936693474650383, 0.0983041301369667, 0.10835163295269012, 0.12064393609762192, 0.14446677267551422, 0.14491772651672363, 0.15938632190227509, 0.17952953279018402, 0.18195617198944092, 0.19970788061618805, 0.21345511078834534, 0.21609319746494293, 0.22170567512512207, 0.295550137758255]}, "Garage-Attached, Off Street": {"precision": [0.08333333333333333, 0.05714285714285714, 0.058823529411764705, 0.06060606060606061, 0.0625, 0.06451612903225806, 0.06666666666666667, 0.06896551724137931, 0.07142857142857142, 0.07407407407407407, 0.07692307692307693, 0.08, 0.08333333333333333, 0.08695652173913043, 0.09090909090909091, 0.09523809523809523, 0.1, 0.10526315789473684, 0.1111111111111111, 0.11764705882352941, 0.0625, 0.06666666666666667, 0.07142857142857142, 0.07692307692307693, 0.08333333333333333, 0.09090909090909091, 0.1, 0.1111111111111111, 0.125, 0.0, 0.0, 0.0, 0.0, 0.0, 0.0, 0.0, 1.0], "recall": [1.0, 0.6666666666666666, 0.6666666666666666, 0.6666666666666666, 0.6666666666666666, 0.6666666666666666, 0.6666666666666666, 0.6666666666666666, 0.6666666666666666, 0.6666666666666666, 0.6666666666666666, 0.6666666666666666, 0.6666666666666666, 0.6666666666666666, 0.6666666666666666, 0.6666666666666666, 0.6666666666666666, 0.6666666666666666, 0.6666666666666666, 0.6666666666666666, 0.3333333333333333, 0.3333333333333333, 0.3333333333333333, 0.3333333333333333, 0.3333333333333333, 0.3333333333333333, 0.3333333333333333, 0.3333333333333333, 0.3333333333333333, 0.0, 0.0, 0.0, 0.0, 0.0, 0.0, 0.0, 0.0],