{"city_name": {"class_counts": [["Everett", 17], ["Bothell", 12], ["Lynnwood", 10], ["Marysville", 10], ["Snohomish", 7], ["Lake Stevens", 6], ["Edmonds", 5], ["Monroe", 4], ["Arlington", 4], ["Sultan", 2], ["Stanwood", 2], ["Granite Falls", 2], ["Brier", 2], ["Mountlake Terrace", 1], ["Gold Bar", 1], ["Mill Creek", 1]], "avg_precision": 0.5663165266106444, "avg_recall": 0.6072829131652662, "avg_f1": 0.5794431059136942, "avg_accuracy": 0.8488372093023255, "weighted_precision": 0.8087624584717606, "weighted_recall": 0.8488372093023255, "weighted_f1": 0.8223520665381131, "weighted_accuracy": 0.8488372093023255, "class_precision": [1.0, 0.9166666666666666, 0.8, 1.0, 0.8571428571428571, 0.8571428571428571, 0.625, 0.5714285714285714, 1.0, 0.0, 1.0, 0.0, 0.0, 0.0, 0.0, 1.0], "class_recall": [1.0, 0.9166666666666666, 0.8, 1.0, 0.8571428571428571, 1.0, 1.0, 1.0, 0.75, 0.0, 1.0, 0.0, 0.0, 0.0, 0.0, 1.0], "class_f1": [1.0, 0.9166666666666666, 0.8000000000000002, 1.0, 0.8571428571428571, 0.923076923076923, 0.7692307692307693, 0.7272727272727273, 0.8571428571428571, 0.0, 1.0, 0.0, 0.0, 0.0, 0.0, 1.0], "class_accuracy": 0.8488372093023255, "num_classes": 16, "num_applicable_rows": 86, "confusion_matrix": [["Everett", [["Everett", 17]]], ["Bothell", [["Bothell", 11], ["Lynnwood", 1]]], ["Lynnwood", [["Lynnwood", 8], ["Edmonds", 1], ["Bothell", 1]]], ["Marysville", [["Marysville", 10]]], ["Snohomish", [["Snohomish", 6], ["Monroe", 1]]], ["Lake Stevens", [["Lake Stevens", 6]]], ["Edmonds", [["Edmonds", 5]]], ["Monroe", [["Monroe", 4]]], ["Arlington", [["Arlington", 3], ["Granite Falls", 1]]], ["Sultan", [["Monroe", 2]]], ["Stanwood", [["Stanwood", 2]]], ["Granite Falls", [["Snohomish", 1], ["Lake Stevens", 1]]], ["Brier", [["Edmonds", 1], ["Lynnwood", 1]]], ["Mountlake Terrace", [["Edmonds", 1]]], ["Gold Bar", [["Index", 1]]], ["Mill Creek", [["Mill Creek", 1]]]], "precision_recall_curves": {"Everett": {"precision": [1.0, 1.0, 1.0, 1.0, 1.0, 1.0, 1.0, 1.0, 1.0, 1.0, 1.0, 1.0, 1.0, 1.0, 1.0, 1.0, 1.0, 1.0], "recall": [1.0, 0.9411764705882353, 0.8823529411764706, 0.8235294117647058, 0.7647058823529411, 0.7058823529411765, 0.6470588235294118, 0.5882352941176471, 0.5294117647058824, 0.47058823529411764, 0.4117647058823529, 0.35294117647058826, 0.29411764705882354, 0.23529411764705882, 0.17647058823529413, 0.11764705882352941, 0.058823529411764705, 0.0], "thresholds": [0.6284393072128296, 0.9186453223228455, 0.9204046130180359, 0.9501186609268188, 0.9760000109672546, 0.9785804748535156, 0.9806241393089294, 0.9838624596595764, 0.9856241941452026, 0.9860819578170776, 0.9888977408409119, 0.9895379543304443, 0.9956721067428589, 0.9959969520568848, 0.9973922967910767, 0.9978451728820801, 0.9998511075973511]}, "Bothell": {"precision": [0.9230769230769231, 0.9166666666666666, 1.0, 1.0, 1.0, 1.0, 1.0, 1.0, 1.0, 1.0, 1.0, 1.0, 1.0, 1.0], "recall": [1.0, 0.9166666666666666, 0.9166666666666666, 0.8333333333333334, 0.75, 0.6666666666666666, 0.5833333333333334, 0.5, 0.4166666666666667, 0.3333333333333333, 0.25, 0.16666666666666666, 0.08333333333333333, 0.0], "thresholds": [0.38718381524086, 0.6639469861984253, 0.8470482230186462, 0.9553644061088562, 0.999601423740387, 0.9998264908790588, 0.9998588562011719, 0.9998903274536133, 0.9998990297317505, 0.9999356269836426, 0.9999629259109497, 0.9999691247940063, 0.9999818801879883]}, "Lynnwood": {"precision": [0.8333333333333334, 0.8181818181818182, 0.9, 0.8888888888888888, 1.0, 1.0, 1.0, 1.0, 1.0, 1.0, 1.0, 1.0, 1.0], "recall": [1.0, 0.9, 0.9, 0.8, 0.8, 0.7, 0.6, 0.5, 0.4, 0.3, 0.2, 0.1, 0.0], "thresholds": [0.3020908534526825, 0.39248618483543396, 0.415010005235672, 0.5093729496002197, 0.5972908139228821, 0.639473557472229, 0.7797630429267883, 0.7811697721481323, 0.7826155424118042, 0.8000016808509827, 0.9298180937767029, 0.9435125589370728]}, "Marysville": {"precision": [1.0, 1.0, 1.0, 1.0, 1.0, 1.0, 1.0, 1.0, 1.0, 1.0, 1.0], "recall": [1.0, 0.9, 0.8, 0.7, 0.6, 0.5, 0.4, 0.3, 0.2, 0.1, 0.0], "thresholds": [0.8027216196060181, 0.8717175722122192, 0.914076030254364, 0.954240083694458, 0.9681838154792786, 0.9703634977340698, 0.9806937575340271, 0.9838437438011169, 0.9842537641525269, 0.9854974150657654]}, "Lake Stevens": {"precision": [1.0, 1.0, 1.0, 1.0, 1.0, 1.0, 1.0], "recall": [1.0, 0.8333333333333334, 0.6666666666666666, 0.5, 0.3333333333333333, 0.16666666666666666, 0.0], "thresholds": [0.8605851531028748, 0.9506886005401611, 0.9554425477981567, 0.9571957588195801, 0.9838855266571045, 0.9842797517776489]}, "Snohomish": {"precision": [0.875, 0.8571428571428571, 0.8333333333333334, 0.8, 0.75, 1.0, 1.0, 1.0, 1.0], "recall": [1.0, 0.8571428571428571, 0.7142857142857143, 0.5714285714285714, 0.42857142857142855, 0.42857142857142855, 0.2857142857142857, 0.14285714285714285, 0.0], "thresholds": [0.3500625193119049, 0.6567347049713135, 0.6737377643585205, 0.7450624704360962, 0.8432274460792542, 0.8721349239349365, 0.9096556901931763, 0.9857094287872314]}, "Edmonds": {"precision": [1.0, 1.0, 1.0, 1.0, 1.0, 1.0], "recall": [1.0, 0.8, 0.6, 0.4, 0.2, 0.0], "thresholds": [0.966945469379425, 0.972156822681427, 0.9894243478775024, 0.9941350817680359, 0.9947422742843628]}, "Arlington": {"precision": [0.4444444444444444, 0.375, 0.42857142857142855, 0.5, 0.6, 0.75, 1.0, 1.0, 1.0, 1.0], "recall": [1.0, 0.75, 0.75, 0.75, 0.75, 0.75, 0.75, 0.5, 0.25, 0.0], "thresholds": [0.007710814010351896, 0.009347856976091862, 0.009732828475534916, 0.010038112290203571, 0.01070092897862196, 0.0263117253780365, 0.9487448930740356, 0.9641022086143494, 0.9966339468955994]}, "Monroe": {"precision": [1.0, 1.0, 1.0, 1.0, 1.0], "recall": [1.0, 0.75, 0.5, 0.25, 0.0], "thresholds": [0.9513870477676392, 0.9651009440422058, 0.9849767684936523, 0.987407922744751]}, "Mill Creek": {"precision": [1.0, 1.0], "recall": [1.0, 0.0], "thresholds": [0.8303276896476746]}, "Mountlake Terrace": {"precision": [1.0, 1.0], "recall": [1.0, 0.0], "thresholds": [0.28923699259757996]}, "Granite Falls": {"precision": [0.6666666666666666, 0.5, 0.0, 1.0], "recall": [1.0, 0.5, 0.0, 0.0], "thresholds": [0.04095127806067467, 0.2702113389968872, 0.991965651512146]}, "Stanwood": {"precision": [1.0, 1.0, 1.0], "recall": [1.0, 0.5, 0.0], "thresholds": [0.9679629802703857, 0.9883026480674744]}, "Sultan": {"precision": [0.6666666666666666, 0.5, 0.0, 1.0], "recall": [1.0, 0.5, 0.0, 0.0], "thresholds": [0.17453201115131378, 0.2456689178943634, 0.25842058658599854]}, "Gold Bar": {"precision": [1.0, 1.0], "recall": [1.0, 0.0], "thresholds": [0.08473581075668335]}, "Brier": {"precision": [1.0, 1.0, 1.0], "recall": [1.0, 0.5, 0.0], "thresholds": [0.02452821098268032, 0.03195030987262726]}}}}