{"energy_source": {"class_counts": [["Electric", 27], ["Electric, Natural Gas", 18], ["Natural Gas", 18], ["Electric, Wood", 8], ["Electric, Propane", 3], ["Electric, Natural Gas, Wood", 1], ["See Remarks", 1], ["Electric, Propane, Wood", 1], ["Natural Gas, Wood", 1], ["Electric, Pellet", 1]], "avg_precision": 0.1669047619047619, "avg_recall": 0.20925925925925926, "avg_f1": 0.17669048980369734, "avg_accuracy": 0.4936708860759494, "weighted_precision": 0.4196202531645569, "weighted_recall": 0.4936708860759494, "weighted_f1": 0.4338287339600929, "weighted_accuracy": 0.4936708860759494, "class_precision": [0.6785714285714286, 0.3333333333333333, 0.45714285714285713, 0.0, 0.2, 0.0, 0.0, 0.0, 0.0, 0.0], "class_recall": [0.7037037037037037, 0.16666666666666666, 0.8888888888888888, 0.0, 0.3333333333333333, 0.0, 0.0, 0.0, 0.0, 0.0], "class_f1": [0.6909090909090909, 0.2222222222222222, 0.6037735849056604, 0.0, 0.25, 0.0, 0.0, 0.0, 0.0, 0.0], "class_accuracy": 0.4936708860759494, "num_classes": 10, "num_applicable_rows": 79, "confusion_matrix": [["Electric", [["Electric", 19], ["Natural Gas", 4], ["Electric, Natural Gas", 2], ["Electric, Wood", 1], ["Electric, Propane", 1]]], ["Electric, Natural Gas", [["Natural Gas", 10], ["Electric", 5], ["Electric, Natural Gas", 3]]], ["Natural Gas", [["Natural Gas", 16], ["Electric, Natural Gas", 2]]], ["Electric, Wood", [["Natural Gas", 3], ["Electric, Propane", 3], ["Electric, Natural Gas", 1], ["Electric", 1]]], ["Electric, Propane", [["Electric, Propane", 1], ["Electric", 1], ["Natural Gas", 1]]], ["Electric, Natural Gas, Wood", [["Electric, Natural Gas", 1]]], ["See Remarks", [["Electric", 1]]], ["Electric, Propane, Wood", [["Electric, Wood", 1]]], ["Natural Gas, Wood", [["Electric", 1]]], ["Electric, Pellet", [["Natural Gas", 1]]]], "precision_recall_curves": {"Natural Gas": {"precision": [0.43902439024390244, 0.425, 0.4358974358974359, 0.4473684210526316, 0.43243243243243246, 0.4166666666666667, 0.42857142857142855, 0.4411764705882353, 0.42424242424242425, 0.4375, 0.45161290322580644, 0.4666666666666667, 0.4482758620689655, 0.4642857142857143, 0.48148148148148145, 0.5, 0.52, 0.5416666666666666, 0.5217391304347826, 0.5454545454545454, 0.5238095238095238, 0.55, 0.5789473684210527, 0.5555555555555556, 0.5882352941176471, 0.5625, 0.6, 0.6428571428571429, 0.6153846153846154, 0.5833333333333334, 0.5454545454545454, 0.5, 0.5555555555555556, 0.5, 0.5714285714285714, 0.5, 0.4, 0.5, 0.6666666666666666, 0.5, 1.0, 1.0], "recall": [1.0, 0.9444444444444444, 0.9444444444444444, 0.9444444444444444, 0.8888888888888888, 0.8333333333333334, 0.8333333333333334, 0.8333333333333334, 0.7777777777777778, 0.7777777777777778, 0.7777777777777778, 0.7777777777777778, 0.7222222222222222, 0.7222222222222222, 0.7222222222222222, 0.7222222222222222, 0.7222222222222222, 0.7222222222222222, 0.6666666666666666, 0.6666666666666666, 0.6111111111111112, 0.6111111111111112, 0.6111111111111112, 0.5555555555555556, 0.5555555555555556, 0.5, 0.5, 0.5, 0.4444444444444444, 0.3888888888888889, 0.3333333333333333, 0.2777777777777778, 0.2777777777777778, 0.2222222222222222, 0.2222222222222222, 0.16666666666666666, 0.1111111111111111, 0.1111111111111111, 0.1111111111111111, 0.05555555555555555, 0.05555555555555555, 0.0], "thresholds": [0.2672657370567322, 0.2996242642402649, 0.30652642250061035, 0.3192955255508423, 0.34040987491607666, 0.34318557381629944, 0.37091299891471863, 0.3752816915512085, 0.3989495635032654, 0.4012734293937683, 0.416172593832016, 0.4168463349342346, 0.43059486150741577, 0.4350377023220062, 0.44777533411979675, 0.4552045166492462, 0.45625486969947815, 0.4626775085926056, 0.46315643191337585, 0.4707145094871521, 0.47112491726875305, 0.4777452349662781, 0.4971500039100647, 0.5159417390823364, 0.5423545837402344, 0.5552965402603149, 0.5611537098884583, 0.5856978893280029, 0.5871148109436035, 0.5924016833305359, 0.5940706729888916, 0.6038029789924622, 0.6267052292823792, 0.6405826807022095, 0.6446365118026733, 0.6461458206176758, 0.6536567807197571, 0.7109525203704834, 0.741737425327301, 0.7645529508590698, 0.7725286483764648]}, "Electric": {"precision": [0.42857142857142855, 0.41935483870967744, 0.4262295081967213, 0.43333333333333335, 0.4406779661016949, 0.4482758620689655, 0.45614035087719296, 0.4642857142857143, 0.4727272727272727, 0.48148148148148145, 0.49056603773584906, 0.5, 0.5098039215686274, 0.52, 0.5306122448979592, 0.5208333333333334, 0.5319148936170213, 0.5434782608695652, 0.5555555555555556, 0.5681818181818182, 0.5813953488372093, 0.5952380952380952, 0.6097560975609756, 0.625, 0.6153846153846154, 0.6052631578947368, 0.6216216216216216, 0.6111111111111112, 0.6, 0.6176470588235294, 0.6363636363636364, 0.65625, 0.6774193548387096, 0.7, 0.6896551724137931, 0.7142857142857143, 0.7407407407407407, 0.7692307692307693, 0.76, 0.75, 0.7391304347826086, 0.7272727272727273, 0.7142857142857143, 0.7, 0.6842105263157895, 0.6666666666666666, 0.6470588235294118, 0.625, 0.6, 0.5714285714285714, 0.5384615384615384, 0.5, 0.5454545454545454, 0.6, 0.5555555555555556, 0.625, 0.7142857142857143, 0.6666666666666666, 0.6, 0.75, 0.6666666666666666, 1.0, 1.0, 1.0], "recall": [1.0, 0.9629629629629629, 0.9629629629629629, 0.9629629629629629, 0.9629629629629629, 0.9629629629629629, 0.9629629629629629, 0.9629629629629629, 0.9629629629629629, 0.9629629629629629, 0.9629629629629629, 0.9629629629629629, 0.9629629629629629, 0.9629629629629629, 0.9629629629629629, 0.9259259259259259, 0.9259259259259259, 0.9259259259259259, 0.9259259259259259, 0.9259259259259259, 0.9259259259259259, 0.9259259259259259, 0.9259259259259259, 0.9259259259259259, 0.8888888888888888, 0.8518518518518519, 0.8518518518518519, 0.8148148148148148, 0.7777777777777778, 0.7777777777777778, 0.7777777777777778, 0.7777777777777778, 0.7777777777777778, 0.7777777777777778, 0.7407407407407407, 0.7407407407407407, 0.7407407407407407, 0.7407407407407407, 0.7037037037037037, 0.6666666666666666, 0.6296296296296297, 0.5925925925925926, 0.5555555555555556, 0.5185185185185185, 0.48148148148148145, 0.4444444444444444, 0.4074074074074074, 0.37037037037037035, 0.3333333333333333, 0.2962962962962963, 0.25925925925925924, 0.2222222222222222, 0.2222222222222222, 0.2222222222222222, 0.18518518518518517, 0.18518518518518517, 0.18518518518518517, 0.14814814814814814, 0.1111111111111111, 0.1111111111111111, 0.07407407407407407, 0.07407407407407407, 0.037037037037037035, 0.0], "thresholds": [0.05763905495405197, 0.06460979580879211, 0.06742536276578903, 0.07294393330812454, 0.07505590468645096, 0.07999482750892639, 0.08869501948356628, 0.09395507723093033, 0.10436966270208359, 0.10953890532255173, 0.12426333129405975, 0.12518157064914703, 0.12803512811660767, 0.12934434413909912, 0.13678427040576935, 0.13870203495025635, 0.1396285891532898, 0.1496184915304184, 0.16008985042572021, 0.18368975818157196, 0.19072699546813965, 0.19268378615379333, 0.20447172224521637, 0.20707708597183228, 0.21258890628814697, 0.23102843761444092, 0.23792041838169098, 0.24687474966049194, 0.2561052441596985, 0.27356481552124023, 0.27382075786590576, 0.2825619876384735, 0.3030754327774048, 0.3128887116909027, 0.3206433951854706, 0.3929044008255005, 0.39428651332855225, 0.4052514135837555, 0.4266469180583954, 0.43077167868614197, 0.4481743276119232, 0.4498877227306366, 0.4639482796192169, 0.4801654815673828, 0.4964519441127777, 0.5081776976585388, 0.5086895823478699, 0.5247058868408203, 0.532768189907074, 0.5948506593704224, 0.5961766839027405, 0.5979963541030884, 0.6092444062232971, 0.6267056465148926, 0.6606307625770569, 0.6868000030517578, 0.7104289531707764, 0.7317901253700256, 0.7654442191123962, 0.7781893014907837, 0.8045305013656616, 0.8320902585983276, 0.8364794254302979]},