{"city_name": {"class_counts": [["Everett", 49], ["Bothell", 33], ["Marysville", 24], ["Lake Stevens", 21], ["Lynnwood", 19], ["Arlington", 18], ["Monroe", 17], ["Edmonds", 16], ["Snohomish", 16], ["Mountlake Terrace", 5], ["Granite Falls", 5], ["Mill Creek", 5], ["Gold Bar", 4], ["Stanwood", 4], ["Sultan", 4], ["Mukilteo", 4], ["Brier", 2], ["Hat Island", 1], ["Woodway", 1], ["Tulalip", 1], ["Woodinville", 1]], "avg_precision": 0.8583863810391724, "avg_recall": 0.8655174190888476, "avg_f1": 0.8559671674365231, "avg_accuracy": 0.948, "weighted_precision": 0.9466261786753682, "weighted_recall": 0.948, "weighted_f1": 0.9437269331994295, "weighted_accuracy": 0.948, "class_precision": [1.0, 0.9655172413793104, 0.96, 1.0, 0.8260869565217391, 1.0, 0.9444444444444444, 1.0, 0.9411764705882353, 0.8333333333333334, 1.0, 0.5555555555555556, 1.0, 1.0, 1.0, 1.0, 0.0, 1.0, 1.0, 1.0, 0.0], "class_recall": [1.0, 0.8484848484848485, 1.0, 0.9523809523809523, 1.0, 1.0, 1.0, 0.875, 1.0, 1.0, 1.0, 1.0, 0.75, 0.75, 1.0, 1.0, 0.0, 1.0, 1.0, 1.0, 0.0], "class_f1": [1.0, 0.9032258064516129, 0.9795918367346939, 0.975609756097561, 0.9047619047619047, 1.0, 0.9714285714285714, 0.9333333333333333, 0.9696969696969697, 0.9090909090909091, 1.0, 0.7142857142857143, 0.8571428571428571, 0.8571428571428571, 1.0, 1.0, 0.0, 1.0, 1.0, 1.0, 0.0], "class_accuracy": 0.948, "num_classes": 21, "num_applicable_rows": 250, "confusion_matrix": [["Everett", [["Everett", 49]]], ["Bothell", [["Bothell", 28], ["Mill Creek", 4], ["Lynnwood", 1]]], ["Marysville", [["Marysville", 24]]], ["Lake Stevens", [["Lake Stevens", 20], ["Snohomish", 1]]], ["Lynnwood", [["Lynnwood", 19]]], ["Arlington", [["Arlington", 18]]], ["Monroe", [["Monroe", 17]]], ["Edmonds", [["Edmonds", 14], ["Lynnwood", 1], ["Mountlake Terrace", 1]]], ["Snohomish", [["Snohomish", 16]]], ["Mountlake Terrace", [["Mountlake Terrace", 5]]], ["Granite Falls", [["Granite Falls", 5]]], ["Mill Creek", [["Mill Creek", 5]]], ["Gold Bar", [["Gold Bar", 3], ["Monroe", 1]]], ["Stanwood", [["Stanwood", 3], ["Marysville", 1]]], ["Sultan", [["Sultan", 4]]], ["Mukilteo", [["Mukilteo", 4]]], ["Brier", [["Lynnwood", 2]]], ["Hat Island", [["Hat Island", 1]]], ["Woodway", [["Woodway", 1]]], ["Tulalip", [["Tulalip", 1]]], ["Woodinville", [["Bothell", 1]]]], "precision_recall_curves": {"Everett": {"precision": [1.0, 1.0, 1.0, 1.0, 1.0, 1.0, 1.0, 1.0, 1.0, 1.0, 1.0, 1.0, 1.0, 1.0, 1.0, 1.0, 1.0, 1.0, 1.0, 1.0, 1.0, 1.0, 1.0, 1.0, 1.0, 1.0, 1.0, 1.0, 1.0, 1.0, 1.0, 1.0, 1.0, 1.0, 1.0, 1.0, 1.0, 1.0, 1.0, 1.0, 1.0, 1.0, 1.0, 1.0, 1.0, 1.0], "recall": [1.0, 0.9795918367346939, 0.9591836734693877, 0.9387755102040817, 0.9183673469387755, 0.8979591836734694, 0.8775510204081632, 0.8571428571428571, 0.8367346938775511, 0.8163265306122449, 0.7959183673469388, 0.7755102040816326, 0.7551020408163265, 0.7346938775510204, 0.7142857142857143, 0.6938775510204082, 0.673469387755102, 0.6530612244897959, 0.6326530612244898, 0.6122448979591837, 0.5918367346938775, 0.5714285714285714, 0.5510204081632653, 0.5306122448979592, 0.4897959183673469, 0.46938775510204084, 0.4489795918367347, 0.42857142857142855, 0.3877551020408163, 0.3673469387755102, 0.3469387755102041, 0.32653061224489793, 0.30612244897959184, 0.2857142857142857, 0.2653061224489796, 0.24489795918367346, 0.22448979591836735, 0.20408163265306123, 0.1836734693877551, 0.16326530612244897, 0.12244897959183673, 0.10204081632653061, 0.061224489795918366, 0.04081632653061224, 0.02040816326530612, 0.0], "thresholds": [0.8500002026557922, 0.9908246397972107, 0.9990023970603943, 0.999382495880127, 0.9996205568313599, 0.999671220779419, 0.9997039437294006, 0.9998811483383179, 0.9998921155929565, 0.9999309778213501, 0.9999337196350098, 0.9999431371688843, 0.9999440908432007, 0.9999663829803467, 0.9999667406082153, 0.9999784231185913, 0.9999797344207764, 0.9999802112579346, 0.9999815225601196, 0.9999829530715942, 0.9999833106994629, 0.9999877214431763, 0.9999884366989136, 0.9999887943267822, 0.999990701675415, 0.999991774559021, 0.9999927282333374, 0.999992847442627, 0.9999932050704956, 0.9999942779541016, 0.9999949932098389, 0.9999957084655762, 0.9999958276748657, 0.9999960660934448, 0.9999964237213135, 0.9999969005584717, 0.9999974966049194, 0.999997615814209, 0.9999979734420776, 0.9999982118606567, 0.9999983310699463, 0.999998927116394, 0.9999992847442627, 0.9999994039535522, 0.9999997615814209]}, "Bothell": {"precision": [0.7674418604651163, 0.7619047619047619, 0.7804878048780488, 0.8, 0.8205128205128205, 0.8421052631578947, 0.8648648648648649, 0.8888888888888888, 0.9142857142857143, 0.9411764705882353, 0.9696969696969697, 0.96875, 0.967741935483871, 0.9666666666666667, 0.9655172413793104, 0.9642857142857143, 0.9629629629629629, 1.0, 1.0, 1.0, 1.0, 1.0, 1.0, 1.0, 1.0, 1.0, 1.0, 1.0, 1.0, 1.0, 1.0, 1.0, 1.0, 1.0, 1.0, 1.0, 1.0, 1.0, 1.0, 1.0], "recall": [1.0, 0.9696969696969697, 0.9696969696969697, 0.9696969696969697, 0.9696969696969697, 0.9696969696969697, 0.9696969696969697, 0.9696969696969697, 0.9696969696969697, 0.9696969696969697, 0.9696969696969697, 0.9393939393939394, 0.9090909090909091, 0.8787878787878788, 0.8484848484848485, 0.8181818181818182, 0.7878787878787878, 0.7878787878787878, 0.7575757575757576, 0.7272727272727273, 0.696969696969697, 0.6666666666666666, 0.6363636363636364, 0.6060606060606061, 0.5757575757575758, 0.5454545454545454, 0.5151515151515151, 0.48484848484848486, 0.45454545454545453, 0.42424242424242425, 0.3939393939393939, 0.36363636363636365, 0.3333333333333333, 0.24242424242424243, 0.21212121212121213, 0.18181818181818182, 0.12121212121212122, 0.09090909090909091, 0.06060606060606061, 0.0], "thresholds": [0.0015597338788211346, 0.0029589137993752956, 0.003167677205055952, 0.003724136156961322, 0.004901958163827658, 0.00891807023435831, 0.014449684880673885, 0.03220830485224724, 0.052598126232624054, 0.07524638622999191, 0.09805210679769516, 0.11796050518751144, 0.13146725296974182, 0.3732398450374603, 0.6105798482894897, 0.6111445426940918, 0.6142396330833435, 0.8593317270278931, 0.9438889026641846, 0.952404797077179, 0.9690930247306824, 0.9913541674613953, 0.9977107048034668, 0.9999198913574219, 0.9999715089797974, 0.9999737739562988, 0.9999868869781494, 0.9999901056289673, 0.999990701675415, 0.9999938011169434, 0.9999958276748657, 0.9999964237213135, 0.9999969005584717, 0.9999978542327881, 0.9999985694885254, 0.999998927116394, 0.9999991655349731, 0.9999996423721313, 0.9999997615814209]}, "Lynnwood": {"precision": [0.9047619047619048, 0.9, 0.9473684210526315, 0.9444444444444444, 0.9411764705882353, 1.0, 1.0, 1.0, 1.0, 1.0, 1.0, 1.0, 1.0, 1.0, 1.0, 1.0, 1.0, 1.0, 1.0, 1.0, 1.0, 1.0], "recall": [1.0, 0.9473684210526315, 0.9473684210526315, 0.8947368421052632, 0.8421052631578947, 0.8421052631578947, 0.7894736842105263, 0.7368421052631579, 0.6842105263157895, 0.631578947368421, 0.5789473684210527, 0.5263157894736842, 0.47368421052631576, 0.42105263157894735, 0.3684210526315789, 0.3157894736842105, 0.2631578947368421, 0.21052631578947367, 0.15789473684210525, 0.10526315789473684, 0.05263157894736842, 0.0], "thresholds": [0.5704306960105896, 0.5762463808059692, 0.6561733484268188, 0.6972123384475708, 0.903163492679596, 0.9525070786476135, 0.9697970747947693, 0.9714276194572449, 0.9878132343292236, 0.9887719750404358, 0.9916447997093201, 0.9919661283493042, 0.9921783208847046, 0.9930102229118347, 0.9981922507286072, 0.9992409944534302, 0.9995458722114563, 0.9995890259742737, 0.9999130964279175, 0.9999417066574097, 0.999954342842102]}, "Marysville": {"precision": [1.0, 1.0, 1.0, 1.0, 1.0, 1.0, 1.0, 1.0, 1.0, 1.0, 1.0, 1.0, 1.0, 1.0, 1.0, 1.0, 1.0, 1.0, 1.0, 1.0, 1.0, 1.0, 1.0, 1.0],