{"property_type": {"class_counts": [["Residential", 65], ["Condominium", 18], ["Multi-Family", 3]], "avg_precision": 0.9456327985739751, "avg_recall": 0.9341880341880343, "avg_f1": 0.9396583060705198, "avg_accuracy": 0.9418604651162791, "weighted_precision": 0.9410210172864073, "weighted_recall": 0.9418604651162791, "weighted_f1": 0.9412518069539194, "weighted_accuracy": 0.9418604651162791, "class_precision": [0.9545454545454546, 0.8823529411764706, 1.0], "class_recall": [0.9692307692307692, 0.8333333333333334, 1.0], "class_f1": [0.9618320610687022, 0.8571428571428571, 1.0], "class_accuracy": 0.9418604651162791, "num_classes": 3, "num_applicable_rows": 86, "confusion_matrix": [["Residential", [["Residential", 63], ["Condominium", 2]]], ["Condominium", [["Condominium", 15], ["Residential", 3]]], ["Multi-Family", [["Multi-Family", 3]]]], "precision_recall_curves": {"Residential": {"precision": [0.8441558441558441, 0.8421052631578947, 0.8533333333333334, 0.8648648648648649, 0.8767123287671232, 0.8888888888888888, 0.9014084507042254, 0.9142857142857143, 0.927536231884058, 0.9264705882352942, 0.9402985074626866, 0.9545454545454546, 0.9692307692307692, 0.96875, 0.9682539682539683, 0.967741935483871, 0.9672131147540983, 0.9666666666666667, 0.9661016949152542, 0.9827586206896551, 0.9824561403508771, 0.9821428571428571, 0.9818181818181818, 0.9814814814814815, 0.9811320754716981, 0.9807692307692307, 0.9803921568627451, 0.98, 0.9795918367346939, 0.9791666666666666, 0.9787234042553191, 0.9782608695652174, 0.9777777777777777, 0.9772727272727273, 0.9767441860465116, 0.9761904761904762, 0.975609756097561, 0.975, 0.9743589743589743, 0.9736842105263158, 0.972972972972973, 0.9722222222222222, 0.9714285714285714, 0.9705882352941176, 0.9696969696969697, 0.96875, 0.967741935483871, 0.9666666666666667, 0.9655172413793104, 0.9642857142857143, 0.9629629629629629, 0.9615384615384616, 0.96, 0.9583333333333334, 0.9565217391304348, 0.9545454545454546, 0.9523809523809523, 0.95, 0.9473684210526315, 0.9444444444444444, 0.9411764705882353, 0.9375, 0.9333333333333333, 0.9285714285714286, 0.9230769230769231, 0.9166666666666666, 1.0, 1.0, 1.0, 1.0, 1.0, 1.0, 1.0, 1.0, 1.0, 1.0, 1.0, 1.0], "recall": [1.0, 0.9846153846153847, 0.9846153846153847, 0.9846153846153847, 0.9846153846153847, 0.9846153846153847, 0.9846153846153847, 0.9846153846153847, 0.9846153846153847, 0.9692307692307692, 0.9692307692307692, 0.9692307692307692, 0.9692307692307692, 0.9538461538461539, 0.9384615384615385, 0.9230769230769231, 0.9076923076923077, 0.8923076923076924, 0.8769230769230769, 0.8769230769230769, 0.8615384615384616, 0.8461538461538461, 0.8307692307692308, 0.8153846153846154, 0.8, 0.7846153846153846, 0.7692307692307693, 0.7538461538461538, 0.7384615384615385, 0.7230769230769231, 0.7076923076923077, 0.6923076923076923, 0.676923076923077, 0.6615384615384615, 0.6461538461538462, 0.6307692307692307, 0.6153846153846154, 0.6, 0.5846153846153846, 0.5692307692307692, 0.5538461538461539, 0.5384615384615384, 0.5230769230769231, 0.5076923076923077, 0.49230769230769234, 0.47692307692307695, 0.46153846153846156, 0.4461538461538462, 0.4307692307692308, 0.4153846153846154, 0.4, 0.38461538461538464, 0.36923076923076925, 0.35384615384615387, 0.3384615384615385, 0.3230769230769231, 0.3076923076923077, 0.2923076923076923, 0.27692307692307694, 0.26153846153846155, 0.24615384615384617, 0.23076923076923078, 0.2153846153846154, 0.2, 0.18461538461538463, 0.16923076923076924, 0.16923076923076924, 0.15384615384615385, 0.13846153846153847, 0.12307692307692308, 0.1076923076923077, 0.09230769230769231, 0.07692307692307693, 0.06153846153846154, 0.046153846153846156, 0.03076923076923077, 0.015384615384615385, 0.0], "thresholds": [0.12363605201244354, 0.14121395349502563, 0.1744992583990097, 0.18266497552394867, 0.2099536508321762, 0.22262845933437347, 0.2273178994655609, 0.2540672719478607, 0.32245317101478577, 0.3314766585826874, 0.3447560667991638, 0.49963662028312683, 0.6142244935035706, 0.7398202419281006, 0.7898469567298889, 0.8068986535072327, 0.8193643689155579, 0.830558180809021, 0.8340108394622803, 0.8483962416648865, 0.8527451753616333, 0.8916437029838562, 0.8998450040817261, 0.8999423980712891, 0.9073030352592468, 0.9385963082313538, 0.9495729207992554, 0.9598243832588196, 0.9620324969291687, 0.9621071219444275, 0.9651616811752319, 0.9764434099197388, 0.9830434918403625, 0.9831407070159912, 0.9836058616638184, 0.9837309122085571, 0.9843465089797974, 0.9859824776649475, 0.986120343208313, 0.9870182871818542, 0.9876161217689514, 0.9879388809204102, 0.9882797002792358, 0.9890666007995605, 0.9895203113555908, 0.9908000826835632, 0.9916273355484009, 0.9917346239089966, 0.9931389689445496, 0.9938720464706421, 0.994648277759552, 0.9949617385864258, 0.9951196908950806, 0.9959295392036438, 0.9960506558418274, 0.9962659478187561, 0.9971948862075806, 0.9977675676345825, 0.9981755018234253, 0.9986308217048645, 0.9988093376159668, 0.9989846348762512, 0.9990831613540649, 0.9995161294937134, 0.9995212554931641, 0.999630331993103, 0.9997130036354065, 0.9997792840003967, 0.9998230338096619, 0.999882698059082, 0.999897837638855, 0.9999014139175415, 0.9999195337295532, 0.9999481439590454, 0.9999810457229614, 0.9999991655349731, 1.0]}, "Condominium": {"precision": [0.24, 0.22972972972972974, 0.2328767123287671, 0.2361111111111111, 0.23943661971830985, 0.24285714285714285, 0.2463768115942029, 0.25, 0.2537313432835821, 0.25757575757575757, 0.26153846153846155, 0.265625, 0.2698412698412698, 0.27419354838709675, 0.2786885245901639, 0.2833333333333333, 0.288135593220339, 0.29310344827586204, 0.2982456140350877, 0.30357142857142855, 0.3090909090909091, 0.3148148148148148, 0.32075471698113206, 0.3269230769230769, 0.3333333333333333, 0.34, 0.3469387755102041, 0.3541666666666667, 0.3617021276595745, 0.3695652173913043, 0.37777777777777777, 0.38636363636363635, 0.3953488372093023, 0.40476190476190477, 0.4146341463414634, 0.425, 0.4358974358974359, 0.4473684210526316, 0.4594594594594595, 0.4722222222222222, 0.4857142857142857, 0.5, 0.5151515151515151, 0.53125, 0.5483870967741935, 0.5666666666666667, 0.5862068965517241, 0.6071428571428571, 0.6296296296296297, 0.6538461538461539, 0.68, 0.6666666666666666, 0.6956521739130435, 0.7272727272727273, 0.7619047619047619, 0.8, 0.8421052631578947, 0.8888888888888888, 0.8823529411764706, 0.875, 0.8666666666666667, 0.9285714285714286, 0.9230769230769231, 0.9166666666666666, 0.9090909090909091, 0.9, 0.8888888888888888, 0.875, 0.8571428571428571, 1.0, 1.0, 1.0, 1.0, 1.0, 1.0, 1.0],