{"garage": {"class_counts": [["Garage-Attached", 41], ["Off Street", 4], ["Garage-Attached, Off Street", 3], ["Garage-Detached", 3], ["None", 2], ["Carport-Attached", 2], ["Carport-Attached, Garage-Attached", 1], ["Carport-Detached, Garage-Detached", 1], ["10 - 1 Story", 1], ["Garage-Detached, Off Street", 1], ["Carport-Detached, Garage-Attached", 1], ["Carport-Detached, Off Street", 1], ["Garage-Attached, Garage-Detached", 1]], "avg_precision": 0.054376657824933686, "avg_recall": 0.07692307692307693, "avg_f1": 0.06371406371406371, "avg_accuracy": 0.6612903225806451, "weighted_precision": 0.4674638487208009, "weighted_recall": 0.6612903225806451, "weighted_f1": 0.5477354187031607, "weighted_accuracy": 0.6612903225806451, "class_precision": [0.7068965517241379, 0.0, 0.0, 0.0, 0.0, 0.0, 0.0, 0.0, 0.0, 0.0, 0.0, 0.0, 0.0], "class_recall": [1.0, 0.0, 0.0, 0.0, 0.0, 0.0, 0.0, 0.0, 0.0, 0.0, 0.0, 0.0, 0.0], "class_f1": [0.8282828282828283, 0.0, 0.0, 0.0, 0.0, 0.0, 0.0, 0.0, 0.0, 0.0, 0.0, 0.0, 0.0], "class_accuracy": 0.6612903225806451, "num_classes": 13, "num_applicable_rows": 62, "confusion_matrix": [["Garage-Attached", [["Garage-Attached", 41]]], ["Off Street", [["Garage-Attached", 3], ["Carport-Attached", 1]]], ["Garage-Attached, Off Street", [["Garage-Attached", 3]]], ["Garage-Detached", [["Garage-Attached", 2], ["Off Street", 1]]], ["None", [["Garage-Detached", 1], ["Garage-Attached", 1]]], ["Carport-Attached", [["Garage-Attached", 2]]], ["Carport-Attached, Garage-Attached", [["Garage-Attached", 1]]], ["Carport-Detached, Garage-Detached", [["Garage-Attached", 1]]], ["10 - 1 Story", [["Off Street", 1]]], ["Garage-Detached, Off Street", [["Garage-Attached", 1]]], ["Carport-Detached, Garage-Attached", [["Garage-Attached", 1]]], ["Carport-Detached, Off Street", [["Garage-Attached", 1]]], ["Garage-Attached, Garage-Detached", [["Garage-Attached", 1]]]], "precision_recall_curves": {"Garage-Attached": {"precision": [0.7192982456140351, 0.7142857142857143, 0.7090909090909091, 0.7037037037037037, 0.7169811320754716, 0.7115384615384616, 0.7058823529411765, 0.72, 0.7142857142857143, 0.7083333333333334, 0.723404255319149, 0.717391304347826, 0.7111111111111111, 0.7272727272727273, 0.7441860465116279, 0.7380952380952381, 0.7317073170731707, 0.725, 0.7435897435897436, 0.7368421052631579, 0.7567567567567568, 0.75, 0.7714285714285715, 0.7941176470588235, 0.8181818181818182, 0.84375, 0.8387096774193549, 0.8333333333333334, 0.8275862068965517, 0.8214285714285714, 0.8518518518518519, 0.8846153846153846, 0.88, 0.9166666666666666, 0.9130434782608695, 0.9090909090909091, 0.9047619047619048, 0.95, 0.9473684210526315, 0.9444444444444444, 0.9411764705882353, 0.9375, 0.9333333333333333, 0.9285714285714286, 0.9230769230769231, 0.9166666666666666, 0.9090909090909091, 1.0, 1.0, 1.0, 1.0, 1.0, 1.0, 1.0, 1.0, 1.0, 1.0, 1.0], "recall": [1.0, 0.975609756097561, 0.9512195121951219, 0.926829268292683, 0.926829268292683, 0.9024390243902439, 0.8780487804878049, 0.8780487804878049, 0.8536585365853658, 0.8292682926829268, 0.8292682926829268, 0.8048780487804879, 0.7804878048780488, 0.7804878048780488, 0.7804878048780488, 0.7560975609756098, 0.7317073170731707, 0.7073170731707317, 0.7073170731707317, 0.6829268292682927, 0.6829268292682927, 0.6585365853658537, 0.6585365853658537, 0.6585365853658537, 0.6585365853658537, 0.6585365853658537, 0.6341463414634146, 0.6097560975609756, 0.5853658536585366, 0.5609756097560976, 0.5609756097560976, 0.5609756097560976, 0.5365853658536586, 0.5365853658536586, 0.5121951219512195, 0.4878048780487805, 0.4634146341463415, 0.4634146341463415, 0.43902439024390244, 0.4146341463414634, 0.3902439024390244, 0.36585365853658536, 0.34146341463414637, 0.3170731707317073, 0.2926829268292683, 0.2682926829268293, 0.24390243902439024, 0.24390243902439024, 0.21951219512195122, 0.1951219512195122, 0.17073170731707318, 0.14634146341463414, 0.12195121951219512, 0.0975609756097561, 0.07317073170731707, 0.04878048780487805, 0.024390243902439025, 0.0], "thresholds": [0.36971113085746765, 0.3754021227359772, 0.38883113861083984, 0.3917039632797241, 0.42057326436042786, 0.4293774366378784, 0.43977949023246765, 0.48456326127052307, 0.48635441064834595, 0.5236978530883789, 0.5301164388656616, 0.5369566679000854, 0.5430673956871033, 0.5525850653648376, 0.5603632926940918, 0.6099727749824524, 0.6466754674911499, 0.6470881700515747, 0.665006697177887, 0.6666452884674072, 0.6740000247955322, 0.7152952551841736, 0.7310841083526611, 0.7343021035194397, 0.7500028014183044, 0.7716789245605469, 0.8006485104560852, 0.8026415109634399, 0.8064649701118469, 0.8155657052993774, 0.8193422555923462, 0.8327970504760742, 0.840100109577179, 0.8436040282249451, 0.8442980051040649, 0.8557575345039368, 0.8609450459480286, 0.8651314973831177, 0.8677422404289246, 0.8757835626602173, 0.8769516348838806, 0.8859249353408813, 0.8864468336105347, 0.8875088691711426, 0.8875396251678467, 0.8888847231864929, 0.8925101161003113, 0.8957553505897522, 0.8959065675735474, 0.8971350789070129, 0.8976170420646667, 0.9028569459915161, 0.9108536839485168, 0.9221686720848083, 0.9229266047477722, 0.9270766973495483, 0.9283842444419861]}, "Off Street": {"precision": [0.16, 0.125, 0.13043478260869565, 0.13636363636363635, 0.14285714285714285, 0.15, 0.15789473684210525, 0.16666666666666666, 0.17647058823529413, 0.1875, 0.13333333333333333, 0.14285714285714285, 0.07692307692307693, 0.08333333333333333, 0.09090909090909091, 0.1, 0.1111111111111111, 0.125, 0.14285714285714285, 0.16666666666666666, 0.2, 0.25, 0.0, 0.0, 0.0, 1.0], "recall": [1.0, 0.75, 0.75, 0.75, 0.75, 0.75, 0.75, 0.75, 0.75, 0.75, 0.5, 0.5, 0.25, 0.25, 0.25, 0.25, 0.25, 0.25, 0.25, 0.25, 0.25, 0.25, 0.0, 0.0, 0.0, 0.0], "thresholds": [0.03174451366066933, 0.032023392617702484, 0.033684708178043365, 0.03410855680704117, 0.04548538476228714, 0.0566747784614563, 0.06835146993398666, 0.07021589577198029, 0.07611550390720367, 0.07650183141231537, 0.07778642326593399, 0.0788678303360939, 0.09675683081150055, 0.1020636036992073, 0.10412444919347763, 0.12034054845571518, 0.1296325922012329, 0.1300869882106781, 0.15538322925567627, 0.15982232987880707, 0.20178653299808502, 0.21087443828582764, 0.23305518925189972, 0.2402620017528534, 0.30186283588409424]}, "Garage-Attached, Off Street": {"precision": [0.05357142857142857, 0.03636363636363636, 0.037037037037037035, 0.03773584905660377, 0.038461538461538464, 0.0392156862745098, 0.04, 0.04081632653061224, 0.041666666666666664, 0.0425531914893617, 0.043478260869565216, 0.044444444444444446, 0.045454545454545456, 0.046511627906976744, 0.023809523809523808, 0.024390243902439025, 0.025, 0.02564102564102564, 0.02631578947368421, 0.02702702702702703, 0.027777777777777776, 0.02857142857142857, 0.029411764705882353, 0.030303030303030304, 0.03125, 0.03225806451612903, 0.0, 0.0, 0.0, 0.0, 0.0, 0.0, 0.0, 0.0, 0.0, 0.0, 0.0, 0.0, 0.0, 0.0, 0.0, 0.0, 0.0, 0.0, 0.0, 0.0, 0.0, 0.0, 0.0, 0.0, 0.0, 0.0, 0.0, 0.0, 0.0, 0.0, 1.0], "recall": [1.0, 0.6666666666666666, 0.6666666666666666, 0.6666666666666666, 0.6666666666666666, 0.6666666666666666, 0.6666666666666666, 0.6666666666666666, 0.6666666666666666, 0.6666666666666666, 0.6666666666666666, 0.6666666666666666, 0.6666666666666666, 0.6666666666666666, 0.3333333333333333, 0.3333333333333333, 0.3333333333333333, 0.3333333333333333, 0.3333333333333333, 0.3333333333333333, 0.3333333333333333, 0.3333333333333333, 0.3333333333333333, 0.3333333333333333, 0.3333333333333333, 0.3333333333333333, 0.0, 0.0, 0.0, 0.0, 0.0, 0.0, 0.0, 0.0, 0.0, 0.0, 0.0, 0.0, 0.0, 0.0, 0.0, 0.0, 0.0, 0.0, 0.0, 0.0, 0.0, 0.0, 0.0, 0.0, 0.0, 0.0, 0.0, 0.0, 0.0, 0.0, 0.0],