{"county": {"class_counts": [["Snohomish", 86]], "avg_precision": 1.0, "avg_recall": 1.0, "avg_f1": 1.0, "avg_accuracy": 1.0, "weighted_precision": 1.0, "weighted_recall": 1.0, "weighted_f1": 1.0, "weighted_accuracy": 1.0, "class_precision": [1.0], "class_recall": [1.0], "class_f1": [1.0], "class_accuracy": 1.0, "num_classes": 1, "num_applicable_rows": 86, "confusion_matrix": [["Snohomish", [["Snohomish", 86]]]], "precision_recall_curves": {"Snohomish": {"precision": [1.0, 1.0, 1.0, 1.0, 1.0, 1.0, 1.0, 1.0, 1.0, 1.0, 1.0, 1.0, 1.0, 1.0, 1.0, 1.0, 1.0, 1.0, 1.0, 1.0, 1.0, 1.0, 1.0, 1.0, 1.0, 1.0], "recall": [1.0, 0.9883720930232558, 0.9767441860465116, 0.9651162790697675, 0.9534883720930233, 0.9418604651162791, 0.9302325581395349, 0.9186046511627907, 0.9069767441860465, 0.8953488372093024, 0.8837209302325582, 0.872093023255814, 0.8604651162790697, 0.8488372093023255, 0.8372093023255814, 0.813953488372093, 0.7906976744186046, 0.7790697674418605, 0.7558139534883721, 0.7325581395348837, 0.7093023255813954, 0.6744186046511628, 0.6395348837209303, 0.5813953488372093, 0.4186046511627907, 0.0], "thresholds": [0.9999649524688721, 0.9999896287918091, 0.9999939203262329, 0.9999945163726807, 0.9999964237213135, 0.999996542930603, 0.9999966621398926, 0.9999973773956299, 0.9999974966049194, 0.9999978542327881, 0.9999979734420776, 0.9999982118606567, 0.9999984502792358, 0.9999985694885254, 0.9999986886978149, 0.999998927116394, 0.9999990463256836, 0.9999991655349731, 0.9999992847442627, 0.9999994039535522, 0.9999995231628418, 0.9999996423721313, 0.9999997615814209, 0.9999998807907104, 1.0]}}}}