{"county": {"class_counts": [["King", 5225]], "avg_precision": 1.0, "avg_recall": 1.0, "avg_f1": 1.0, "avg_accuracy": 1.0, "weighted_precision": 1.0, "weighted_recall": 1.0, "weighted_f1": 1.0, "weighted_accuracy": 1.0, "class_precision": [1.0], "class_recall": [1.0], "class_f1": [1.0], "class_accuracy": 1.0, "num_classes": 1, "num_applicable_rows": 5225, "confusion_matrix": [["King", [["King", 5225]]]], "precision_recall_curves": {"King": {"precision": [1.0, 1.0, 1.0, 1.0, 1.0, 1.0], "recall": [1.0, 0.9998086124401914, 0.9996172248803827, 0.9986602870813397, 0.9923444976076555, 0.0], "thresholds": [0.9999992847442627, 0.9999995231628418, 0.9999997615814209, 0.9999998807907104, 1.0]}}}}