{"property_type": {"class_counts": [["Residential", 137], ["Condominium", 25], ["Multi-Family", 7]], "avg_precision": 0.9400595998297147, "avg_recall": 0.8841293013555788, "avg_f1": 0.9025054466230937, "avg_accuracy": 0.9644970414201184, "weighted_precision": 0.968490179630763, "weighted_recall": 0.9644970414201184, "weighted_f1": 0.9647387554627374, "weighted_accuracy": 0.9644970414201184, "class_precision": [0.9925925925925926, 0.8275862068965517, 1.0], "class_recall": [0.9781021897810219, 0.96, 0.7142857142857143], "class_f1": [0.9852941176470589, 0.888888888888889, 0.8333333333333333], "class_accuracy": 0.9644970414201184, "num_classes": 3, "num_applicable_rows": 169, "confusion_matrix": [["Residential", [["Residential", 134], ["Condominium", 3]]], ["Condominium", [["Condominium", 24], ["Residential", 1]]], ["Multi-Family", [["Multi-Family", 5], ["Condominium", 2]]]], "precision_recall_curves": {"Residential": {"precision": [0.9448275862068966, 0.9444444444444444, 0.951048951048951, 0.9577464788732394, 0.9645390070921985, 0.9714285714285714, 0.9784172661870504, 0.9855072463768116, 0.9927007299270073, 0.9926470588235294, 0.9925925925925926, 0.9925373134328358, 0.9924812030075187, 1.0, 1.0, 1.0, 1.0, 1.0, 1.0, 1.0, 1.0, 1.0, 1.0, 1.0, 1.0, 1.0, 1.0, 1.0, 1.0, 1.0, 1.0, 1.0, 1.0, 1.0, 1.0, 1.0, 1.0, 1.0, 1.0, 1.0, 1.0, 1.0, 1.0, 1.0, 1.0, 1.0, 1.0, 1.0, 1.0, 1.0, 1.0, 1.0, 1.0, 1.0, 1.0, 1.0, 1.0, 1.0, 1.0, 1.0, 1.0, 1.0, 1.0, 1.0, 1.0, 1.0, 1.0, 1.0, 1.0, 1.0, 1.0, 1.0, 1.0, 1.0, 1.0, 1.0, 1.0, 1.0, 1.0, 1.0, 1.0, 1.0, 1.0, 1.0, 1.0, 1.0, 1.0, 1.0, 1.0, 1.0, 1.0, 1.0, 1.0, 1.0, 1.0, 1.0, 1.0, 1.0, 1.0, 1.0, 1.0, 1.0, 1.0, 1.0, 1.0, 1.0, 1.0, 1.0, 1.0, 1.0, 1.0, 1.0, 1.0, 1.0, 1.0, 1.0, 1.0, 1.0, 1.0, 1.0, 1.0, 1.0, 1.0, 1.0, 1.0, 1.0, 1.0, 1.0, 1.0, 1.0, 1.0, 1.0, 1.0, 1.0, 1.0, 1.0, 1.0, 1.0, 1.0, 1.0, 1.0, 1.0, 1.0, 1.0, 1.0, 1.0], "recall": [1.0, 0.9927007299270073, 0.9927007299270073, 0.9927007299270073, 0.9927007299270073, 0.9927007299270073, 0.9927007299270073, 0.9927007299270073, 0.9927007299270073, 0.9854014598540146, 0.9781021897810219, 0.9708029197080292, 0.9635036496350365, 0.9635036496350365, 0.9562043795620438, 0.948905109489051, 0.9416058394160584, 0.9343065693430657, 0.927007299270073, 0.9197080291970803, 0.9124087591240876, 0.9051094890510949, 0.8978102189781022, 0.8905109489051095, 0.8832116788321168, 0.8759124087591241, 0.8686131386861314, 0.8613138686131386, 0.8540145985401459, 0.8467153284671532, 0.8394160583941606, 0.8321167883211679, 0.8248175182481752, 0.8175182481751825, 0.8102189781021898, 0.8029197080291971, 0.7956204379562044, 0.7883211678832117, 0.781021897810219, 0.7737226277372263, 0.7664233576642335, 0.7591240875912408, 0.7518248175182481, 0.7445255474452555, 0.7372262773722628, 0.7299270072992701, 0.7226277372262774, 0.7153284671532847, 0.708029197080292, 0.7007299270072993, 0.6934306569343066, 0.6861313868613139, 0.6788321167883211, 0.6715328467153284, 0.6642335766423357, 0.656934306569343, 0.6496350364963503, 0.6423357664233577, 0.635036496350365, 0.6277372262773723, 0.6204379562043796, 0.6131386861313869, 0.6058394160583942, 0.5985401459854015, 0.5912408759124088, 0.583941605839416, 0.5766423357664233, 0.5693430656934306, 0.5620437956204379, 0.5547445255474452, 0.5474452554744526, 0.5401459854014599, 0.5328467153284672, 0.5255474452554745, 0.5182481751824818, 0.5109489051094891, 0.5036496350364964, 0.49635036496350365, 0.48905109489051096, 0.48175182481751827, 0.4744525547445255, 0.46715328467153283, 0.45985401459854014, 0.45255474452554745, 0.44525547445255476, 0.43795620437956206, 0.4306569343065693, 0.4233576642335766, 0.41605839416058393, 0.40875912408759124, 0.40145985401459855, 0.39416058394160586, 0.38686131386861317, 0.3795620437956204, 0.3722627737226277, 0.36496350364963503, 0.35766423357664234, 0.35036496350364965, 0.34306569343065696, 0.3357664233576642, 0.3284671532846715, 0.32116788321167883, 0.31386861313868614, 0.30656934306569344, 0.29927007299270075, 0.291970802919708, 0.2846715328467153, 0.2773722627737226, 0.27007299270072993, 0.26277372262773724, 0.25547445255474455, 0.24817518248175183, 0.24087591240875914, 0.23357664233576642, 0.22627737226277372, 0.21897810218978103, 0.2116788321167883, 0.20437956204379562, 0.19708029197080293, 0.1897810218978102, 0.18248175182481752, 0.17518248175182483, 0.1678832116788321, 0.16058394160583941, 0.15328467153284672, 0.145985401459854, 0.1386861313868613, 0.13138686131386862, 0.12408759124087591, 0.11678832116788321, 0.10948905109489052, 0.10218978102189781, 0.0948905109489051, 0.08759124087591241, 0.08029197080291971, 0.072992700729927, 0.06569343065693431, 0.058394160583941604, 0.051094890510948905, 0.043795620437956206, 0.0364963503649635, 0.029197080291970802, 0.021897810218978103, 0.014598540145985401, 0.0072992700729927005, 0.0], "thresholds": [0.10083097219467163, 0.11425863206386566, 0.11462360620498657, 0.13340215384960175, 0.13640379905700684, 0.2513234615325928, 0.313292920589447, 0.3583567440509796, 0.3762162923812866, 0.47817540168762207, 0.5116260647773743, 0.5810951590538025, 0.6298876404762268, 0.8108137845993042, 0.8629302382469177, 0.8969696164131165, 0.9119850397109985, 0.9132018089294434, 0.9180378913879395, 0.924336314201355, 0.9338638782501221, 0.947931706905365, 0.9495326280593872, 0.9569923281669617, 0.9630229473114014, 0.964140772819519, 0.9713011980056763, 0.9727071523666382, 0.9779571294784546, 0.9791699647903442, 0.9804626703262329, 0.9823810458183289, 0.9832022786140442, 0.9843526482582092, 0.98466557264328, 0.9850155115127563, 0.9857467412948608, 0.9877217411994934, 0.98818039894104, 0.9887162446975708, 0.9894599914550781, 0.9904670119285583, 0.990872323513031, 0.9914085268974304, 0.9918147921562195, 0.9923460483551025, 0.992424726486206, 0.9933115243911743, 0.9941767454147339, 0.99433833360672, 0.9946606755256653, 0.9947622418403625, 0.995684027671814, 0.9963541030883789, 0.9964106678962708, 0.9968883395195007, 0.9969493746757507, 0.9971392154693604, 0.9974278807640076, 0.9975396394729614, 0.9977421760559082, 0.997775137424469, 0.9978579878807068, 0.9979554414749146, 0.9979586601257324, 0.998178243637085, 0.9982740879058838, 0.9983262419700623, 0.9984834790229797, 0.9984930753707886, 0.9984968900680542, 0.998563826084137, 0.998670220375061, 0.998701810836792, 0.9987472295761108, 0.9988691210746765, 0.9989503026008606, 0.99895179271698, 0.9989646673202515, 0.9990112781524658, 0.9990832805633545, 0.9991118311882019, 0.9991255402565002, 0.9991474151611328, 0.9991887211799622, 0.999313473701477, 0.9993370175361633, 0.9994006156921387, 0.9994022846221924, 0.9994764924049377, 0.9994876384735107, 0.9995040893554688, 0.9996377229690552, 0.9996570348739624, 0.9996775388717651, 0.9996843338012695, 0.9996943473815918, 0.9997099041938782, 0.9997197985649109, 0.9997310042381287, 0.9997386336326599, 0.9997722506523132, 0.99978107213974, 0.9997990727424622, 0.9998078942298889, 0.9998138546943665, 0.999821126461029, 0.9998226761817932, 0.9998272061347961, 0.9998341798782349, 0.9998495578765869, 0.9998723268508911, 0.9998836517333984, 0.999885082244873, 0.9998888969421387, 0.9998892545700073, 0.9998900890350342, 0.9998934268951416, 0.9998939037322998, 0.9998956918716431, 0.999896764755249, 0.9999003410339355, 0.9999041557312012, 0.9999109506607056, 0.999911904335022, 0.9999181032180786, 0.9999226331710815, 0.9999287128448486, 0.9999344348907471, 0.9999561309814453, 0.9999619722366333, 0.9999641180038452, 0.9999690055847168, 0.9999712705612183, 0.9999775886535645, 0.999981164932251, 0.9999818801879883, 0.9999819993972778, 0.999988317489624, 0.9999899864196777, 0.999993085861206, 0.9999949932098389, 0.9999953508377075, 0.9999983310699463, 0.9999994039535522]},