{"county": {"class_counts": [["King", 1473]], "avg_precision": 1.0, "avg_recall": 1.0, "avg_f1": 1.0, "avg_accuracy": 1.0, "weighted_precision": 1.0, "weighted_recall": 1.0, "weighted_f1": 1.0, "weighted_accuracy": 1.0, "class_precision": [1.0], "class_recall": [1.0], "class_f1": [1.0], "class_accuracy": 1.0, "num_classes": 1, "num_applicable_rows": 1473, "confusion_matrix": [["King", [["King", 1473]]]], "precision_recall_curves": {"King": {"precision": [1.0, 1.0, 1.0, 1.0, 1.0, 1.0, 1.0, 1.0, 1.0, 1.0, 1.0, 1.0, 1.0, 1.0, 1.0, 1.0, 1.0, 1.0, 1.0, 1.0, 1.0, 1.0, 1.0, 1.0, 1.0, 1.0, 1.0, 1.0], "recall": [1.0, 0.9979633401221996, 0.9972844534962662, 0.9966055668703326, 0.9952477936184657, 0.9945689069925322, 0.9932111337406653, 0.9925322471147319, 0.9898167006109979, 0.9871011541072641, 0.9857433808553971, 0.9823489477257298, 0.9816700610997964, 0.9803122878479293, 0.9789545145960624, 0.9762389680923286, 0.9748811948404617, 0.9708078750848609, 0.9646978954514596, 0.9558723693143245, 0.9490835030549898, 0.9395790902919212, 0.921928038017651, 0.8940936863543788, 0.8526816021724372, 0.7596741344195519, 0.5213849287169042, 0.0], "thresholds": [0.999994158744812, 0.9999951124191284, 0.999995231628418, 0.9999955892562866, 0.9999960660934448, 0.9999967813491821, 0.9999973773956299, 0.999997615814209, 0.9999978542327881, 0.9999979734420776, 0.9999980926513672, 0.9999982118606567, 0.9999983310699463, 0.9999984502792358, 0.9999985694885254, 0.9999986886978149, 0.9999988079071045, 0.999998927116394, 0.9999990463256836, 0.9999991655349731, 0.9999992847442627, 0.9999994039535522, 0.9999995231628418, 0.9999996423721313, 0.9999997615814209, 0.9999998807907104, 1.0]}}}}