{"property_type": {"class_counts": [["Residential", 65], ["Condominium", 18], ["Multi-Family", 3]], "avg_precision": 0.9702911467617351, "avg_recall": 0.9578347578347578, "avg_f1": 0.963794983642312, "avg_accuracy": 0.9651162790697675, "weighted_precision": 0.9647846453592007, "weighted_recall": 0.9651162790697675, "weighted_f1": 0.9647510841723518, "weighted_accuracy": 0.9651162790697675, "class_precision": [0.9696969696969697, 0.9411764705882353, 1.0], "class_recall": [0.9846153846153847, 0.8888888888888888, 1.0], "class_f1": [0.9770992366412214, 0.9142857142857143, 1.0], "class_accuracy": 0.9651162790697675, "num_classes": 3, "num_applicable_rows": 86, "confusion_matrix": [["Residential", [["Residential", 64], ["Condominium", 1]]], ["Condominium", [["Condominium", 16], ["Residential", 2]]], ["Multi-Family", [["Multi-Family", 3]]]], "precision_recall_curves": {"Residential": {"precision": [0.9154929577464789, 0.9142857142857143, 0.927536231884058, 0.9411764705882353, 0.9552238805970149, 0.9696969696969697, 0.9692307692307692, 0.96875, 0.9682539682539683, 0.967741935483871, 0.9836065573770492, 0.9833333333333333, 0.9830508474576272, 0.9827586206896551, 0.9824561403508771, 0.9821428571428571, 0.9818181818181818, 0.9814814814814815, 0.9811320754716981, 0.9807692307692307, 0.9803921568627451, 0.98, 0.9795918367346939, 0.9791666666666666, 0.9787234042553191, 0.9782608695652174, 0.9777777777777777, 0.9772727272727273, 0.9767441860465116, 0.9761904761904762, 0.975609756097561, 0.975, 0.9743589743589743, 0.9736842105263158, 0.972972972972973, 0.9722222222222222, 0.9714285714285714, 0.9705882352941176, 0.9696969696969697, 0.96875, 0.967741935483871, 0.9666666666666667, 0.9655172413793104, 0.9642857142857143, 0.9629629629629629, 0.9615384615384616, 0.96, 0.9583333333333334, 0.9565217391304348, 0.9545454545454546, 0.9523809523809523, 0.95, 0.9473684210526315, 0.9444444444444444, 0.9411764705882353, 0.9375, 0.9333333333333333, 1.0, 1.0, 1.0, 1.0, 1.0, 1.0, 1.0, 1.0, 1.0, 1.0, 1.0, 1.0, 1.0, 1.0, 1.0], "recall": [1.0, 0.9846153846153847, 0.9846153846153847, 0.9846153846153847, 0.9846153846153847, 0.9846153846153847, 0.9692307692307692, 0.9538461538461539, 0.9384615384615385, 0.9230769230769231, 0.9230769230769231, 0.9076923076923077, 0.8923076923076924, 0.8769230769230769, 0.8615384615384616, 0.8461538461538461, 0.8307692307692308, 0.8153846153846154, 0.8, 0.7846153846153846, 0.7692307692307693, 0.7538461538461538, 0.7384615384615385, 0.7230769230769231, 0.7076923076923077, 0.6923076923076923, 0.676923076923077, 0.6615384615384615, 0.6461538461538462, 0.6307692307692307, 0.6153846153846154, 0.6, 0.5846153846153846, 0.5692307692307692, 0.5538461538461539, 0.5384615384615384, 0.5230769230769231, 0.5076923076923077, 0.49230769230769234, 0.47692307692307695, 0.46153846153846156, 0.4461538461538462, 0.4307692307692308, 0.4153846153846154, 0.4, 0.38461538461538464, 0.36923076923076925, 0.35384615384615387, 0.3384615384615385, 0.3230769230769231, 0.3076923076923077, 0.2923076923076923, 0.27692307692307694, 0.26153846153846155, 0.24615384615384617, 0.23076923076923078, 0.2153846153846154, 0.2153846153846154, 0.2, 0.18461538461538463, 0.16923076923076924, 0.15384615384615385, 0.13846153846153847, 0.12307692307692308, 0.1076923076923077, 0.09230769230769231, 0.07692307692307693, 0.06153846153846154, 0.046153846153846156, 0.03076923076923077, 0.015384615384615385, 0.0], "thresholds": [0.1499265432357788, 0.16177229583263397, 0.22536753118038177, 0.3042980134487152, 0.41103705763816833, 0.5620720386505127, 0.6386541724205017, 0.7091242671012878, 0.7841953039169312, 0.8259810209274292, 0.8579140305519104, 0.8590730428695679, 0.8995590209960938, 0.9114959836006165, 0.9272362589836121, 0.9356182217597961, 0.9365897178649902, 0.9412201046943665, 0.9459073543548584, 0.9582974314689636, 0.9624690413475037, 0.9794428944587708, 0.9805532097816467, 0.9839396476745605, 0.9841949939727783, 0.9862160682678223, 0.9890272617340088, 0.9902495741844177, 0.9902731776237488, 0.9909635782241821, 0.9916503429412842, 0.9920295476913452, 0.9938561320304871, 0.9941733479499817, 0.9946385025978088, 0.9952682852745056, 0.9954239726066589, 0.9956497550010681, 0.9956650137901306, 0.9960105419158936, 0.9962474703788757, 0.9964478015899658, 0.9973980188369751, 0.9975395202636719, 0.9975479245185852, 0.9981592297554016, 0.9984989166259766, 0.9986392855644226, 0.9986510872840881, 0.9988075494766235, 0.9989509582519531, 0.9992780089378357, 0.9992885589599609, 0.9992941617965698, 0.9994865655899048, 0.9995875954627991, 0.9995953440666199, 0.9996445178985596, 0.999713122844696, 0.9997261166572571, 0.9998658895492554, 0.9998819828033447, 0.9999140501022339, 0.999962329864502, 0.9999690055847168, 0.9999815225601196, 0.9999880790710449, 0.9999947547912598, 0.9999948740005493, 0.9999997615814209, 1.0]}, "Condominium": {"precision": [0.2535211267605634, 0.24285714285714285, 0.2463768115942029, 0.25, 0.2537313432835821, 0.25757575757575757, 0.26153846153846155, 0.265625, 0.2698412698412698, 0.27419354838709675, 0.2786885245901639, 0.2833333333333333, 0.288135593220339, 0.29310344827586204, 0.2982456140350877, 0.30357142857142855, 0.3090909090909091, 0.3148148148148148, 0.32075471698113206, 0.3269230769230769, 0.3333333333333333, 0.34, 0.3469387755102041, 0.3541666666666667, 0.3617021276595745, 0.3695652173913043, 0.37777777777777777, 0.38636363636363635, 0.3953488372093023, 0.40476190476190477, 0.4146341463414634, 0.425, 0.4358974358974359, 0.4473684210526316, 0.4594594594594595, 0.4722222222222222, 0.4857142857142857, 0.5, 0.5151515151515151, 0.53125, 0.5483870967741935, 0.5666666666666667, 0.5862068965517241, 0.6071428571428571, 0.6296296296296297, 0.6538461538461539, 0.68, 0.7083333333333334, 0.7391304347826086, 0.7727272727272727, 0.7619047619047619, 0.8, 0.8421052631578947, 0.8888888888888888, 0.9411764705882353, 0.9375, 0.9333333333333333, 0.9285714285714286, 0.9230769230769231, 1.0, 1.0, 1.0, 1.0, 1.0, 1.0, 1.0, 1.0, 1.0, 1.0, 1.0, 1.0, 1.0], "recall": [1.0, 0.9444444444444444, 0.9444444444444444, 0.9444444444444444, 0.9444444444444444, 0.9444444444444444, 0.9444444444444444, 0.9444444444444444, 0.9444444444444444, 0.9444444444444444, 0.9444444444444444, 0.9444444444444444, 0.9444444444444444, 0.9444444444444444, 0.9444444444444444, 0.9444444444444444, 0.9444444444444444, 0.9444444444444444, 0.9444444444444444, 0.9444444444444444, 0.9444444444444444, 0.9444444444444444, 0.9444444444444444, 0.9444444444444444, 0.9444444444444444, 0.9444444444444444, 0.9444444444444444, 0.9444444444444444, 0.9444444444444444, 0.9444444444444444, 0.9444444444444444, 0.9444444444444444, 0.9444444444444444, 0.9444444444444444, 0.9444444444444444, 0.9444444444444444, 0.9444444444444444, 0.9444444444444444, 0.9444444444444444, 0.9444444444444444, 0.9444444444444444, 0.9444444444444444, 0.9444444444444444, 0.9444444444444444, 0.9444444444444444, 0.9444444444444444, 0.9444444444444444, 0.9444444444444444, 0.9444444444444444, 0.9444444444444444, 0.8888888888888888, 0.8888888888888888, 0.8888888888888888, 0.8888888888888888, 0.8888888888888888, 0.8333333333333334, 0.7777777777777778, 0.7222222222222222, 0.6666666666666666, 0.6666666666666666, 0.6111111111111112, 0.5555555555555556, 0.5, 0.4444444444444444, 0.3888888888888889, 0.3333333333333333, 0.2777777777777778, 0.2222222222222222, 0.16666666666666666, 0.1111111111111111, 0.05555555555555555, 0.0],