{"community_name": {"class_counts": [["Bothell", 7], ["Lake Stevens", 4], ["Lynnwood", 4], ["Silver Lake", 3], ["Mill Creek", 3], ["Monroe", 3], ["Edmonds", 3], ["Marysville", 3], ["North Creek", 3], ["Alderwood Manor", 3], ["Stanwood", 2], ["Everett", 2], ["North Marysville", 2], ["Arlington", 2], ["Central Marysville", 2], ["Snohomish", 2], ["Granite Falls", 2], ["Canyon Park", 1], ["Sunnyside", 1], ["Mukilteo Blvd", 1], ["Sultan Town", 1], ["Gold Bar", 1], ["Lake Stickney", 1], ["Eastmont", 1], ["South Lk Stevens", 1], ["Lake Ballinger", 1], ["Lake Serene", 1], ["Forest Park", 1], ["Alderwood", 1], ["Pinehurst", 1], ["Fryelands", 1], ["Edmonds Bowl", 1], ["Brier", 1], ["Martha Lake", 1], ["Y", 1], ["Cavalero", 1], ["North Everett", 1], ["Sultan", 1], ["Echo Lake", 1], ["Cedarcrest", 1]], "avg_precision": 0.24084321475625822, "avg_recall": 0.2885610766045549, "avg_f1": 0.2456159782246739, "avg_accuracy": 0.4657534246575342, "weighted_precision": 0.3692640692640692, "weighted_recall": 0.4657534246575342, "weighted_f1": 0.38627536846714927, "weighted_accuracy": 0.4657534246575342, "class_precision": [0.5454545454545454, 0.5714285714285714, 0.3333333333333333, 1.0, 0.6666666666666666, 0.6666666666666666, 0.75, 0.42857142857142855, 0.0, 0.0, 1.0, 0.2, 1.0, 0.6666666666666666, 0.0, 0.0, 0.0, 0.0, 0.0, 1.0, 0.0, 0.0, 1.0, 0.0, 0.0, 0.0, 0.0, 0.0, 0.0, 0.0, 0.0, 0.0, 0.0, 0.0, 1.0, 0.0, 0.0, 0.25, 0.0, 0.0], "class_recall": [0.8571428571428571, 1.0, 0.75, 0.3333333333333333, 0.6666666666666666, 0.6666666666666666, 1.0, 1.0, 0.0, 0.0, 1.0, 0.5, 0.5, 1.0, 0.0, 0.0, 0.0, 0.0, 0.0, 1.0, 0.0, 0.0, 1.0, 0.0, 0.0, 0.0, 0.0, 0.0, 0.0, 0.0, 0.0, 0.0, 0.0, 0.0, 1.0, 0.0, 0.0, 1.0, 0.0, 0.0], "class_f1": [0.6666666666666665, 0.7272727272727273, 0.46153846153846156, 0.5, 0.6666666666666666, 0.6666666666666666, 0.8571428571428571, 0.6, 0.0, 0.0, 1.0, 0.28571428571428575, 0.6666666666666666, 0.8, 0.0, 0.0, 0.0, 0.0, 0.0, 1.0, 0.0, 0.0, 1.0, 0.0, 0.0, 0.0, 0.0, 0.0, 0.0, 0.0, 0.0, 0.0, 0.0, 0.0, 1.0, 0.0, 0.0, 0.4, 0.0, 0.0], "class_accuracy": 0.4657534246575342, "num_classes": 40, "num_applicable_rows": 73, "confusion_matrix": [["Bothell", [["Bothell", 6], ["North Creek", 1]]], ["Lake Stevens", [["Lake Stevens", 4]]], ["Lynnwood", [["Lynnwood", 3], ["Bothell", 1]]], ["Silver Lake", [["Silver Lake", 1], ["Everett", 1], ["Lynnwood", 1]]], ["Mill Creek", [["Mill Creek", 2], ["Snohomish", 1]]], ["Monroe", [["Monroe", 2], ["Sultan", 1]]], ["Edmonds", [["Edmonds", 3]]], ["Marysville", [["Marysville", 3]]], ["North Creek", [["Bothell", 2], ["Alderwood", 1]]], ["Alderwood Manor", [["Lynnwood", 3]]], ["Stanwood", [["Stanwood", 2]]], ["Everett", [["Everett", 1], ["Everett Mall", 1]]], ["North Marysville", [["Marysville", 1], ["North Marysville", 1]]], ["Arlington", [["Arlington", 2]]], ["Central Marysville", [["Marysville", 2]]], ["Snohomish", [["South Lk Stevens", 1], ["Lake Stevens", 1]]], ["Granite Falls", [["Arlington", 1], ["Getchell", 1]]], ["Canyon Park", [["Lynnwood", 1]]], ["Sunnyside", [["In Town - Marysville", 1]]], ["Mukilteo Blvd", [["Mukilteo Blvd", 1]]], ["Sultan Town", [["Sultan", 1]]], ["Gold Bar", [["Sultan", 1]]], ["Lake Stickney", [["Lake Stickney", 1]]], ["Eastmont", [["Everett", 1]]], ["South Lk Stevens", [["Lake Stevens", 1]]], ["Lake Ballinger", [["Mountlake Terrace", 1]]], ["Lake Serene", [["Lynnwood", 1]]], ["Forest Park", [["Lowell", 1]]], ["Alderwood", [["Bothell", 1]]], ["Pinehurst", [["Everett", 1]]], ["Fryelands", [["Monroe", 1]]], ["Edmonds Bowl", [["Edmonds", 1]]], ["Brier", [["Bothell", 1]]], ["Martha Lake", [["Mill Creek", 1]]], ["Y", [["Y", 1]]], ["Cavalero", [["Lake Stevens", 1]]], ["North Everett", [["Everett", 1]]], ["Sultan", [["Sultan", 1]]], ["Echo Lake", [["Maltby", 1]]], ["Cedarcrest", [["Marysville", 1]]]], "precision_recall_curves": {"Lake Stevens": {"precision": [0.6666666666666666, 0.6, 0.75, 0.6666666666666666, 0.5, 1.0, 1.0], "recall": [1.0, 0.75, 0.75, 0.5, 0.25, 0.25, 0.0], "thresholds": [0.3943268656730652, 0.4434046745300293, 0.5592535734176636, 0.5652319192886353, 0.5656453371047974, 0.5810869932174683]}, "Bothell": {"precision": [0.6363636363636364, 0.6, 0.6666666666666666, 0.625, 0.7142857142857143, 0.8333333333333334, 1.0, 1.0, 1.0, 1.0, 1.0, 1.0], "recall": [1.0, 0.8571428571428571, 0.8571428571428571, 0.7142857142857143, 0.7142857142857143, 0.7142857142857143, 0.7142857142857143, 0.5714285714285714, 0.42857142857142855, 0.2857142857142857, 0.14285714285714285, 0.0], "thresholds": [0.2266353815793991, 0.27051103115081787, 0.3223066031932831, 0.4433945119380951, 0.5906769633293152, 0.6393392086029053, 0.6491318941116333, 0.7702909708023071, 0.928120493888855, 0.9484198093414307, 0.9746910333633423]}, "Marysville": {"precision": [0.42857142857142855, 0.3333333333333333, 0.4, 0.25, 0.3333333333333333, 0.0, 0.0, 1.0], "recall": [1.0, 0.6666666666666666, 0.6666666666666666, 0.3333333333333333, 0.3333333333333333, 0.0, 0.0, 0.0], "thresholds": [0.39186787605285645, 0.4479759633541107, 0.4718021750450134, 0.4880836606025696, 0.508346676826477, 0.5112578868865967, 0.6040632128715515]}, "Lynnwood": {"precision": [0.26666666666666666, 0.21428571428571427, 0.23076923076923078, 0.25, 0.2727272727272727, 0.3, 0.3333333333333333, 0.25, 0.2857142857142857, 0.3333333333333333, 0.4, 0.5, 0.3333333333333333, 0.0, 0.0, 1.0], "recall": [1.0, 0.75, 0.75, 0.75, 0.75, 0.75, 0.75, 0.5, 0.5, 0.5, 0.5, 0.5, 0.25, 0.0, 0.0, 0.0], "thresholds": [0.12730909883975983, 0.16043472290039062, 0.18362124264240265, 0.18743625283241272, 0.19881264865398407, 0.21128293871879578, 0.23643708229064941, 0.2428991049528122, 0.2508433759212494, 0.2832934260368347, 0.39831387996673584, 0.4154326915740967, 0.46959587931632996, 0.6415374279022217, 0.8980525135993958]}, "Everett": {"precision": [0.3333333333333333, 0.2, 0.0, 0.0, 0.0, 0.0, 1.0], "recall": [1.0, 0.5, 0.0, 0.0, 0.0, 0.0, 0.0], "thresholds": [0.20851024985313416, 0.3226759135723114, 0.37318113446235657, 0.4921194911003113, 0.5768438577651978, 0.6758331656455994]}, "Mill Creek": {"precision": [0.125, 0.08695652173913043, 0.09090909090909091, 0.09523809523809523, 0.1, 0.10526315789473684, 0.1111111111111111, 0.11764705882352941, 0.125, 0.13333333333333333, 0.14285714285714285, 0.15384615384615385, 0.16666666666666666, 0.18181818181818182, 0.2, 0.2222222222222222, 0.25, 0.2857142857142857, 0.3333333333333333, 0.4, 0.5, 0.6666666666666666, 1.0, 1.0, 1.0], "recall": [1.0, 0.6666666666666666, 0.6666666666666666, 0.6666666666666666, 0.6666666666666666, 0.6666666666666666, 0.6666666666666666, 0.6666666666666666, 0.6666666666666666, 0.6666666666666666, 0.6666666666666666, 0.6666666666666666, 0.6666666666666666, 0.6666666666666666, 0.6666666666666666, 0.6666666666666666, 0.6666666666666666, 0.6666666666666666, 0.6666666666666666, 0.6666666666666666, 0.6666666666666666, 0.6666666666666666, 0.6666666666666666, 0.3333333333333333, 0.0], "thresholds": [0.0043675536289811134, 0.005413664039224386, 0.006803725380450487, 0.007238398771733046, 0.008869689889252186, 0.00968626793473959, 0.01086997240781784, 0.011434557847678661, 0.01339198648929596, 0.013550542294979095, 0.01806100644171238, 0.018432127311825752, 0.019485779106616974, 0.05125849321484566, 0.05328473448753357, 0.09687007963657379, 0.11038124561309814, 0.13364849984645844, 0.1488969922065735, 0.16084317862987518, 0.23853787779808044, 0.23882830142974854, 0.41123315691947937, 0.5525423288345337]}, "Arlington": {"precision": [0.6666666666666666, 0.5, 1.0, 1.0], "recall": [1.0, 0.5, 0.5, 0.0], "thresholds": [0.4361887276172638, 0.638461709022522, 0.7385143041610718]}, "Edmonds": {"precision": [0.75, 0.6666666666666666, 0.5, 0.0, 1.0], "recall": [1.0, 0.6666666666666666, 0.3333333333333333, 0.0, 0.0], "thresholds": [0.2625892460346222, 0.3521842956542969, 0.3537033200263977, 0.4993792772293091]}, "Snohomish": {"precision": [0.2857142857142857, 0.16666666666666666, 0.2, 0.25, 0.3333333333333333, 0.5, 1.0, 1.0],