{"roof": {"class_counts": [["Composition", 75], ["Flat", 2], ["Closing", 2], ["Built-Up, Composition", 1], ["Y", 1]], "avg_precision": 0.18518518518518517, "avg_recall": 0.2, "avg_f1": 0.1923076923076923, "avg_accuracy": 0.9259259259259259, "weighted_precision": 0.8573388203017832, "weighted_recall": 0.9259259259259259, "weighted_f1": 0.8903133903133903, "weighted_accuracy": 0.9259259259259259, "class_precision": [0.9259259259259259, 0.0, 0.0, 0.0, 0.0], "class_recall": [1.0, 0.0, 0.0, 0.0, 0.0], "class_f1": [0.9615384615384615, 0.0, 0.0, 0.0, 0.0], "class_accuracy": 0.9259259259259259, "num_classes": 5, "num_applicable_rows": 81, "confusion_matrix": [["Composition", [["Composition", 75]]], ["Flat", [["Composition", 2]]], ["Closing", [["Composition", 2]]], ["Built-Up, Composition", [["Composition", 1]]], ["Y", [["Composition", 1]]]], "precision_recall_curves": {"Composition": {"precision": [0.9259259259259259, 0.925, 0.9367088607594937, 0.9487179487179487, 0.948051948051948, 0.9473684210526315, 0.9466666666666667, 0.9459459459459459, 0.9452054794520548, 0.9444444444444444, 0.9436619718309859, 0.9428571428571428, 0.9420289855072463, 0.9411764705882353, 0.9402985074626866, 0.9393939393939394, 0.9384615384615385, 0.9375, 0.9365079365079365, 0.9354838709677419, 0.9344262295081968, 0.9333333333333333, 0.9491525423728814, 0.9482758620689655, 0.9473684210526315, 0.9464285714285714, 0.9454545454545454, 0.9444444444444444, 0.9622641509433962, 0.9615384615384616, 0.9803921568627451, 0.98, 0.9795918367346939, 0.9791666666666666, 0.9787234042553191, 0.9782608695652174, 0.9777777777777777, 0.9772727272727273, 0.9767441860465116, 0.9761904761904762, 0.975609756097561, 0.975, 0.9743589743589743, 0.9736842105263158, 0.972972972972973, 0.9722222222222222, 0.9714285714285714, 1.0, 1.0, 1.0, 1.0, 1.0, 1.0, 1.0, 1.0, 1.0, 1.0, 1.0, 1.0, 1.0, 1.0, 1.0, 1.0, 1.0, 1.0, 1.0, 1.0, 1.0, 1.0, 1.0, 1.0, 1.0, 1.0, 1.0, 1.0, 1.0, 1.0, 1.0, 1.0, 1.0, 1.0, 1.0], "recall": [1.0, 0.9866666666666667, 0.9866666666666667, 0.9866666666666667, 0.9733333333333334, 0.96, 0.9466666666666667, 0.9333333333333333, 0.92, 0.9066666666666666, 0.8933333333333333, 0.88, 0.8666666666666667, 0.8533333333333334, 0.84, 0.8266666666666667, 0.8133333333333334, 0.8, 0.7866666666666666, 0.7733333333333333, 0.76, 0.7466666666666667, 0.7466666666666667, 0.7333333333333333, 0.72, 0.7066666666666667, 0.6933333333333334, 0.68, 0.68, 0.6666666666666666, 0.6666666666666666, 0.6533333333333333, 0.64, 0.6266666666666667, 0.6133333333333333, 0.6, 0.5866666666666667, 0.5733333333333334, 0.56, 0.5466666666666666, 0.5333333333333333, 0.52, 0.5066666666666667, 0.49333333333333335, 0.48, 0.4666666666666667, 0.4533333333333333, 0.4533333333333333, 0.44, 0.4266666666666667, 0.41333333333333333, 0.4, 0.38666666666666666, 0.37333333333333335, 0.36, 0.3466666666666667, 0.3333333333333333, 0.32, 0.30666666666666664, 0.29333333333333333, 0.28, 0.26666666666666666, 0.25333333333333335, 0.24, 0.22666666666666666, 0.21333333333333335, 0.2, 0.18666666666666668, 0.17333333333333334, 0.16, 0.14666666666666667, 0.13333333333333333, 0.12, 0.10666666666666667, 0.09333333333333334, 0.08, 0.06666666666666667, 0.05333333333333334, 0.04, 0.02666666666666667, 0.013333333333333334, 0.0], "thresholds": [0.744907557964325, 0.7517029047012329, 0.8015058040618896, 0.8124914765357971, 0.8190276622772217, 0.8227923512458801, 0.8436749577522278, 0.8653659224510193, 0.8657533526420593, 0.8779696822166443, 0.8819406032562256, 0.8876230716705322, 0.8890756964683533, 0.8897709250450134, 0.8968648314476013, 0.9000197649002075, 0.9063741564750671, 0.9080060720443726, 0.913982093334198, 0.9186985492706299, 0.9222952127456665, 0.9226663112640381, 0.9300428628921509, 0.932999849319458, 0.9335678219795227, 0.9354186654090881, 0.938147246837616, 0.9451023936271667, 0.9452683329582214, 0.9453715682029724, 0.9463512301445007, 0.9471637606620789, 0.9501381516456604, 0.9545963406562805, 0.956034243106842, 0.9591512084007263, 0.960546612739563, 0.964804470539093, 0.9650574922561646, 0.9677631855010986, 0.9682921171188354, 0.9684966802597046, 0.970670223236084, 0.9711012840270996, 0.9717229008674622, 0.9720263481140137, 0.9730837941169739, 0.974437952041626, 0.9752242565155029, 0.9779115915298462, 0.9780835509300232, 0.9783972501754761, 0.9785184860229492, 0.9785618782043457, 0.9788004755973816, 0.9812005162239075, 0.9818056225776672, 0.9833887815475464, 0.9842644333839417, 0.9859806299209595, 0.9861939549446106, 0.987744152545929, 0.9877809286117554, 0.9885053634643555, 0.9885793924331665, 0.9888662695884705, 0.9892545938491821, 0.9893669486045837, 0.9903128147125244, 0.9908515810966492, 0.9920724034309387, 0.9924882650375366, 0.9936880469322205, 0.9940326809883118, 0.9943325519561768, 0.9946852922439575, 0.9954831600189209, 0.9958938360214233, 0.9965576529502869, 0.9970780611038208, 0.9973158240318298]}, "Closing": {"precision": [0.2222222222222222, 0.125, 0.14285714285714285, 0.16666666666666666, 0.2, 0.25, 0.0, 0.0, 0.0, 1.0], "recall": [1.0, 0.5, 0.5, 0.5, 0.5, 0.5, 0.0, 0.0, 0.0, 0.0], "thresholds": [0.006321294233202934, 0.007337180431932211, 0.008893406949937344, 0.012105295434594154, 0.013310184702277184, 0.013704917393624783, 0.01388784870505333, 0.014452035538852215, 0.04530408978462219]}, "Flat": {"precision": [0.5, 0.3333333333333333, 0.0, 0.0, 1.0], "recall": [1.0, 0.5, 0.0, 0.0, 0.0], "thresholds": [0.0177234448492527, 0.02583882585167885, 0.04004955664277077, 0.04569266736507416]}, "Y": {"precision": [1.0, 1.0], "recall": [1.0, 0.0], "thresholds": [0.06254874914884567]}, "Built-Up, Composition": {"precision": [0.015873015873015872, 0.0, 0.0, 0.0, 0.0, 0.0, 0.0, 0.0, 0.0, 0.0, 0.0, 0.0, 0.0, 0.0, 0.0, 0.0, 0.0, 0.0, 0.0, 0.0, 0.0, 0.0, 0.0, 0.0, 0.0, 0.0, 0.0, 0.0, 0.0, 0.0, 0.0, 0.0, 0.0, 0.0, 0.0, 0.0, 0.0, 0.0, 0.0, 0.0, 0.0, 0.0, 0.0, 0.0, 0.0, 0.0, 0.0, 0.0, 0.0, 0.0, 0.0, 0.0, 0.0, 0.0, 0.0, 0.0, 0.0, 0.0, 0.0, 0.0, 0.0, 0.0, 0.0, 1.0], "recall": [1.0, 0.0, 0.0, 0.0, 0.0, 0.0, 0.0, 0.0, 0.0, 0.0, 0.0, 0.0, 0.0, 0.0, 0.0, 0.0, 0.0, 0.0, 0.0, 0.0, 0.0, 0.0, 0.0, 0.0, 0.0, 0.0, 0.0, 0.0, 0.0, 0.0, 0.0, 0.0, 0.0, 0.0, 0.0, 0.0, 0.0, 0.0, 0.0, 0.0, 0.0, 0.0, 0.0, 0.0, 0.0, 0.0, 0.0, 0.0, 0.0, 0.0, 0.0, 0.0, 0.0, 0.0, 0.0, 0.0, 0.0, 0.0, 0.0, 0.0, 0.0, 0.0, 0.0, 0.0], "thresholds": [9.291348760598339e-06, 9.905826118483674e-06, 1.2552444786706474e-05, 1.2626032003026921e-05, 1.3105185644235462e-05, 1.646097553020809e-05, 1.7695077985990793e-05, 1.7821614164859056e-05, 1.783941115718335e-05, 1.9243580027250573e-05, 2.0422923626028933e-05, 2.0600999050657265e-05, 2.0956707885488868e-05, 2.2878895833855495e-05, 2.5157192794722505e-05, 2.5626184651628137e-05, 3.1631559977540746e-05, 3.179354825988412e-05, 3.2544481655349955e-05, 3.28265450662002e-05, 3.347695746924728e-05, 3.376929817022756e-05, 3.508992449496873e-05, 3.6018282116856426e-05, 4.097772398381494e-05, 4.109142901143059e-05, 4.333928882260807e-05, 4.511586666922085e-05, 4.619249011739157e-05, 4.927955524181016e-05, 5.4634965636068955e-05, 5.4979187552817166e-05, 5.551464710151777e-05, 5.746063470724039e-05, 5.8960507885785773e-05, 5.972152212052606e-05, 6.290726742008701e-05, 6.70199078740552e-05, 6.761032273061574e-05, 7.665225712116808e-05, 9.621980279916897e-05, 0.0001091205413104035, 0.0001092156526283361, 0.00011176451516803354, 0.00012019709538435563, 0.0001763874024618417, 0.00020412994490470737, 0.0002204646443715319, 0.00027579773450270295, 0.0002925960870925337, 0.0003375776868779212, 0.0007736333645880222, 0.0008528936887159944, 0.0009520360035821795, 0.001747396308928728, 0.004079626407474279, 0.008341530337929726, 0.008648628368973732, 0.010168930515646935, 0.01295334380120039, 0.013947350904345512, 0.018580110743641853, 0.024149805307388306]}}}}